target,window_size,windows,cycle_runs,cycle_ids,positive_windows,positive_rate,mean_positive_points_in_positive_window
System_Failure,5,5600,224,218,975,0.17410714285714285,2.2553846153846155
System_Failure,10,4482,220,215,1099,0.24520303435966087,2.9808917197452227
System_Failure,20,2307,214,209,1007,0.4364976159514521,3.823237338629593
ProtectiveStop,5,5600,224,218,565,0.10089285714285715,2.1221238938053095
ProtectiveStop,10,4482,220,215,653,0.14569388665774208,2.753445635528331
ProtectiveStop,20,2307,214,209,714,0.3094928478543563,3.149859943977591
GripLost,5,5600,224,218,422,0.07535714285714286,2.40521327014218
GripLost,10,4482,220,215,472,0.10531012940651495,3.1927966101694913
GripLost,20,2307,214,209,357,0.15474642392717816,4.560224089635854
