target,window_size,prediction_horizon,split,split_seed,model,train_windows,train_positive_count,train_positive_rate,train_cycle_runs,test_cycle_runs,train_cycle_ids,test_cycle_ids,test_windows,positive_count,positive_rate,accuracy,macro_f1,weighted_f1,positive_precision,positive_recall,positive_f1,tn,fp,fn,tp,roc_auc,pr_auc
System_Failure,5,3,cycle_run_group,42,rf_plain,2175,67,0.030804597701149426,132,34,132,34,570,11,0.01929824561403509,0.980701754385965,0.4951284322409212,0.9711466442900875,0.0,0.0,0.0,559,0,11,0,0.9519434054317775,0.44011410971088394
System_Failure,5,3,cycle_run_group,42,rf_smote,2175,67,0.030804597701149426,132,34,132,34,570,11,0.01929824561403509,0.9789473684210527,0.5660999746257295,0.9730071181506162,0.3333333333333333,0.09090909090909091,0.14285714285714285,557,2,10,1,0.9517807773621727,0.2599731880972164
System_Failure,5,5,cycle_run_group,42,rf_plain,2175,99,0.04551724137931035,132,34,132,34,570,15,0.02631578947368421,0.9736842105263158,0.49333333333333335,0.960701754385965,0.0,0.0,0.0,555,0,15,0,0.9118918918918919,0.4459140123191329
System_Failure,5,5,cycle_run_group,42,rf_smote,2175,99,0.04551724137931035,132,34,132,34,570,15,0.02631578947368421,0.9701754385964912,0.4924309884238646,0.9589445564043679,0.0,0.0,0.0,553,2,15,0,0.9139939939939941,0.26210531765946465
System_Failure,5,10,cycle_run_group,42,rf_plain,2175,176,0.08091954022988505,132,34,132,34,570,25,0.043859649122807015,0.9578947368421052,0.527689545642867,0.9389150960539036,1.0,0.04,0.07692307692307693,545,0,24,1,0.8801467889908257,0.451742058766088
System_Failure,5,10,cycle_run_group,42,rf_smote,2175,176,0.08091954022988505,132,34,132,34,570,25,0.043859649122807015,0.9543859649122807,0.5820171480144405,0.941927528659193,0.42857142857142855,0.12,0.1875,541,4,22,3,0.8940183486238532,0.32865697663640087
System_Failure,10,3,cycle_run_group,42,rf_plain,1610,42,0.02608695652173913,112,28,112,28,393,11,0.027989821882951654,0.9720101781170484,0.49290322580645163,0.9582139046211934,0.0,0.0,0.0,382,0,11,0,0.9118277010947168,0.2761220791896266
System_Failure,10,3,cycle_run_group,42,rf_smote,1610,42,0.02608695652173913,112,28,112,28,393,11,0.027989821882951654,0.9720101781170484,0.49290322580645163,0.9582139046211934,0.0,0.0,0.0,382,0,11,0,0.8744645406949071,0.11009535250199047
System_Failure,10,5,cycle_run_group,42,rf_plain,1610,70,0.043478260869565216,112,28,112,28,393,17,0.043256997455470736,0.9567430025445293,0.4889466840052016,0.9355926370786555,0.0,0.0,0.0,376,0,17,0,0.932337296620776,0.28455719653389366
System_Failure,10,5,cycle_run_group,42,rf_smote,1610,70,0.043478260869565216,112,28,112,28,393,17,0.043256997455470736,0.9541984732824428,0.48828125,0.9343193384223919,0.0,0.0,0.0,375,1,17,0,0.9245932415519399,0.2242367972281744
System_Failure,10,10,cycle_run_group,42,rf_plain,1610,136,0.084472049689441,112,28,112,28,393,25,0.06361323155216285,0.9287531806615776,0.4815303430079156,0.9017972835975213,0.0,0.0,0.0,365,3,25,0,0.8117391304347826,0.16262917739272229
System_Failure,10,10,cycle_run_group,42,rf_smote,1610,136,0.084472049689441,112,28,112,28,393,25,0.06361323155216285,0.9236641221374046,0.4801587301587302,0.8992285633507008,0.0,0.0,0.0,363,5,25,0,0.7282608695652174,0.11930683859330748
System_Failure,20,3,cycle_run_group,42,rf_plain,502,3,0.00597609561752988,97,25,97,25,138,1,0.007246376811594203,0.9927536231884058,0.49818181818181817,0.9891436100131752,0.0,0.0,0.0,137,0,1,0,0.875912408759124,0.05263157894736842
System_Failure,20,3,cycle_run_group,42,rf_smote,502,3,0.00597609561752988,97,25,97,25,138,1,0.007246376811594203,0.9927536231884058,0.49818181818181817,0.9891436100131752,0.0,0.0,0.0,137,0,1,0,0.8759124087591241,0.05555555555555555
System_Failure,20,5,cycle_run_group,42,rf_plain,502,3,0.00597609561752988,97,25,97,25,138,1,0.007246376811594203,0.9927536231884058,0.49818181818181817,0.9891436100131752,0.0,0.0,0.0,137,0,1,0,0.875912408759124,0.05263157894736842
System_Failure,20,5,cycle_run_group,42,rf_smote,502,3,0.00597609561752988,97,25,97,25,138,1,0.007246376811594203,0.9927536231884058,0.49818181818181817,0.9891436100131752,0.0,0.0,0.0,137,0,1,0,0.8759124087591241,0.05555555555555555
System_Failure,20,10,cycle_run_group,42,rf_plain,502,3,0.00597609561752988,97,25,97,25,138,1,0.007246376811594203,0.9927536231884058,0.49818181818181817,0.9891436100131752,0.0,0.0,0.0,137,0,1,0,0.875912408759124,0.05263157894736842
System_Failure,20,10,cycle_run_group,42,rf_smote,502,3,0.00597609561752988,97,25,97,25,138,1,0.007246376811594203,0.9927536231884058,0.49818181818181817,0.9891436100131752,0.0,0.0,0.0,137,0,1,0,0.8759124087591241,0.05555555555555555
ProtectiveStop,5,3,cycle_run_group,42,rf_plain,2520,32,0.012698412698412698,144,36,144,36,639,9,0.014084507042253521,0.9859154929577465,0.49645390070921985,0.9789231844970532,0.0,0.0,0.0,630,0,9,0,0.8399470899470899,0.18364869632155745
ProtectiveStop,5,3,cycle_run_group,42,rf_smote,2520,32,0.012698412698412698,144,36,144,36,639,9,0.014084507042253521,0.9859154929577465,0.49645390070921985,0.9789231844970532,0.0,0.0,0.0,630,0,9,0,0.7999118165784832,0.08908237168665653
ProtectiveStop,5,5,cycle_run_group,42,rf_plain,2520,40,0.015873015873015872,144,36,144,36,639,13,0.02034428794992175,0.9796557120500783,0.49486166007905136,0.9695881039420537,0.0,0.0,0.0,626,0,13,0,0.7799213565986729,0.15686761657400478
ProtectiveStop,5,5,cycle_run_group,42,rf_smote,2520,40,0.015873015873015872,144,36,144,36,639,13,0.02034428794992175,0.9796557120500783,0.49486166007905136,0.9695881039420537,0.0,0.0,0.0,626,0,13,0,0.8247726714180389,0.13828277469727002
ProtectiveStop,5,10,cycle_run_group,42,rf_plain,2520,60,0.023809523809523808,144,36,144,36,639,23,0.03599374021909233,0.9640062597809077,0.49083665338645416,0.946339212788907,0.0,0.0,0.0,616,0,23,0,0.7249082439299831,0.1284122496577142
ProtectiveStop,5,10,cycle_run_group,42,rf_smote,2520,60,0.023809523809523808,144,36,144,36,639,23,0.03599374021909233,0.9671361502347418,0.5716201117318436,0.9536087287224275,1.0,0.08695652173913043,0.16,616,0,21,2,0.825981084133258,0.21243008110692713
ProtectiveStop,10,3,cycle_run_group,42,rf_plain,1918,9,0.0046923879040667365,124,31,123,31,425,9,0.021176470588235293,0.9788235294117648,0.4946492271105826,0.968348604602364,0.0,0.0,0.0,416,0,9,0,0.9939903846153847,0.7814814814814814
ProtectiveStop,10,3,cycle_run_group,42,rf_smote,1918,9,0.0046923879040667365,124,31,123,31,425,9,0.021176470588235293,0.9788235294117648,0.4946492271105826,0.968348604602364,0.0,0.0,0.0,416,0,9,0,0.9799679487179487,0.7508343508343508
ProtectiveStop,10,5,cycle_run_group,42,rf_plain,1918,15,0.007820646506777894,124,31,123,31,425,15,0.03529411764705882,0.9647058823529412,0.49101796407185627,0.9473758365621697,0.0,0.0,0.0,410,0,15,0,0.8137398373983741,0.5207437751557895
ProtectiveStop,10,5,cycle_run_group,42,rf_smote,1918,15,0.007820646506777894,124,31,123,31,425,15,0.03529411764705882,0.9647058823529412,0.49101796407185627,0.9473758365621697,0.0,0.0,0.0,410,0,15,0,0.933739837398374,0.5723141689930646
ProtectiveStop,10,10,cycle_run_group,42,rf_plain,1918,29,0.015119916579770595,124,31,123,31,425,28,0.06588235294117648,0.9341176470588235,0.4829683698296837,0.9022985544582797,0.0,0.0,0.0,397,0,28,0,0.861370996761425,0.5845643813310485
ProtectiveStop,10,10,cycle_run_group,42,rf_smote,1918,29,0.015119916579770595,124,31,123,31,425,28,0.06588235294117648,0.9341176470588235,0.4829683698296837,0.9022985544582797,0.0,0.0,0.0,397,0,28,0,0.819224541201871,0.6158267449604232
ProtectiveStop,20,3,cycle_run_group,43,rf_plain,662,2,0.0030211480362537764,117,30,117,30,155,1,0.0064516129032258064,0.9935483870967742,0.49838187702265374,0.9903330201482411,0.0,0.0,0.0,154,0,1,0,0.9545454545454546,0.1111111111111111
ProtectiveStop,20,3,cycle_run_group,43,rf_smote,662,2,0.0030211480362537764,117,30,117,30,155,1,0.0064516129032258064,0.9935483870967742,0.49838187702265374,0.9903330201482411,0.0,0.0,0.0,154,0,1,0,0.974025974025974,0.2
ProtectiveStop,20,5,cycle_run_group,43,rf_plain,662,2,0.0030211480362537764,117,30,117,30,155,1,0.0064516129032258064,0.9935483870967742,0.49838187702265374,0.9903330201482411,0.0,0.0,0.0,154,0,1,0,0.9545454545454546,0.1111111111111111
ProtectiveStop,20,5,cycle_run_group,43,rf_smote,662,2,0.0030211480362537764,117,30,117,30,155,1,0.0064516129032258064,0.9935483870967742,0.49838187702265374,0.9903330201482411,0.0,0.0,0.0,154,0,1,0,0.974025974025974,0.2
ProtectiveStop,20,10,cycle_run_group,43,rf_plain,662,2,0.0030211480362537764,117,30,117,30,155,1,0.0064516129032258064,0.9935483870967742,0.49838187702265374,0.9903330201482411,0.0,0.0,0.0,154,0,1,0,0.9545454545454546,0.1111111111111111
ProtectiveStop,20,10,cycle_run_group,43,rf_smote,662,2,0.0030211480362537764,117,30,117,30,155,1,0.0064516129032258064,0.9935483870967742,0.49838187702265374,0.9903330201482411,0.0,0.0,0.0,154,0,1,0,0.974025974025974,0.2
GripLost,5,3,cycle_run_group,42,rf_plain,4009,52,0.012970815664754302,168,42,165,42,933,30,0.03215434083601286,0.9689174705251876,0.5243561571591808,0.9546244792972338,1.0,0.03333333333333333,0.06451612903225806,903,0,29,1,0.8621262458471762,0.4947090610970296
GripLost,5,3,cycle_run_group,42,rf_smote,4009,52,0.012970815664754302,168,42,165,42,933,30,0.03215434083601286,0.9732047159699893,0.6360302722946087,0.9638178996093162,1.0,0.16666666666666666,0.2857142857142857,903,0,25,5,0.8675526024363234,0.5099134827141464
GripLost,5,5,cycle_run_group,42,rf_plain,4009,85,0.021202294836617612,168,42,165,42,933,50,0.05359056806002144,0.9464094319399786,0.48623348017621143,0.9203519035275342,0.0,0.0,0.0,883,0,50,0,0.8530464326160816,0.35853299161944785
GripLost,5,5,cycle_run_group,42,rf_smote,4009,85,0.021202294836617612,168,42,165,42,933,50,0.05359056806002144,0.947481243301179,0.5242223355430903,0.9248753698186448,0.6666666666666666,0.04,0.07547169811320754,882,1,48,2,0.8235673839184597,0.38008514583376307
GripLost,5,10,cycle_run_group,42,rf_plain,4009,162,0.04040907957096533,168,42,165,42,933,97,0.10396570203644159,0.8971061093247589,0.48305476036568473,0.8495026009414401,1.0,0.010309278350515464,0.02040816326530612,836,0,96,1,0.8510457258422532,0.43172336785837334
GripLost,5,10,cycle_run_group,42,rf_smote,4009,162,0.04040907957096533,168,42,165,42,933,97,0.10396570203644159,0.9003215434083601,0.5132583513308838,0.8570560664093153,1.0,0.041237113402061855,0.07920792079207921,836,0,93,4,0.8325358851674641,0.5177997279272964
GripLost,10,3,cycle_run_group,42,rf_plain,3077,55,0.017874553136171596,163,41,161,41,822,21,0.025547445255474453,0.9744525547445255,0.49353049907578556,0.9618441113374798,0.0,0.0,0.0,801,0,21,0,0.9514892099161762,0.548061123452972
GripLost,10,3,cycle_run_group,42,rf_smote,3077,55,0.017874553136171596,163,41,161,41,822,21,0.025547445255474453,0.975669099756691,0.609204145668917,0.9683029700262834,0.6,0.14285714285714285,0.23076923076923078,799,2,18,3,0.9278283098507818,0.4214040099799197
GripLost,10,5,cycle_run_group,42,rf_plain,3077,89,0.028924276893077673,163,41,161,41,822,35,0.04257907542579075,0.9574209245742092,0.5161371701508602,0.9388701425411258,0.5,0.02857142857142857,0.05405405405405406,786,1,34,1,0.9613359956434924,0.45138183234087886
GripLost,10,5,cycle_run_group,42,rf_smote,3077,89,0.028924276893077673,163,41,161,41,822,35,0.04257907542579075,0.9598540145985401,0.587267775360224,0.9460191862529433,0.6666666666666666,0.11428571428571428,0.1951219512195122,785,2,31,4,0.9386458522417862,0.38159512200427237
GripLost,10,10,cycle_run_group,42,rf_plain,3077,165,0.05362365940851479,163,41,161,41,822,67,0.08150851581508516,0.9172749391727494,0.4784263959390863,0.8788611409586623,0.0,0.0,0.0,754,1,67,0,0.8940792725116141,0.4327836806369437
GripLost,10,10,cycle_run_group,42,rf_smote,3077,165,0.05362365940851479,163,41,161,41,822,67,0.08150851581508516,0.9172749391727494,0.5423911975636113,0.8890578833527067,0.45454545454545453,0.07462686567164178,0.1282051282051282,749,6,62,5,0.8622220025699318,0.36459964147027674
GripLost,20,3,cycle_run_group,42,rf_plain,1420,24,0.016901408450704224,148,37,147,37,489,6,0.012269938650306749,0.9877300613496932,0.49691358024691357,0.9816329622055594,0.0,0.0,0.0,483,0,6,0,0.9411663216011041,0.39863845897595185
GripLost,20,3,cycle_run_group,42,rf_smote,1420,24,0.016901408450704224,148,37,147,37,489,6,0.012269938650306749,0.9877300613496932,0.6219072164948454,0.9846878755296945,0.5,0.16666666666666666,0.25,482,1,5,1,0.9396135265700483,0.30996936418448046
GripLost,20,5,cycle_run_group,42,rf_plain,1420,37,0.026056338028169014,148,37,147,37,489,10,0.02044989775051125,0.9795501022494888,0.49483471074380164,0.9694307830113741,0.0,0.0,0.0,479,0,10,0,0.9194154488517745,0.29221467288291253
GripLost,20,5,cycle_run_group,42,rf_smote,1420,37,0.026056338028169014,148,37,147,37,489,10,0.02044989775051125,0.9795501022494888,0.49483471074380164,0.9694307830113741,0.0,0.0,0.0,479,0,10,0,0.889874739039666,0.27608787227047316
GripLost,20,10,cycle_run_group,42,rf_plain,1420,55,0.03873239436619718,148,37,147,37,489,14,0.028629856850715747,0.9693251533742331,0.49221183800623053,0.9562397670877689,0.0,0.0,0.0,474,1,14,0,0.8751127819548872,0.1033309483332579
GripLost,20,10,cycle_run_group,42,rf_smote,1420,55,0.03873239436619718,148,37,147,37,489,14,0.028629856850715747,0.9468302658486708,0.48634453781512604,0.9448411266347029,0.0,0.0,0.0,463,12,14,0,0.8554887218045113,0.09305412932028928
