cycle_run,cycle,cycle_occurrence,scenario_block_25,source_rows,first_failure_position,healthy_prefix_rows,fault_in_run,included
1,1,1,1,39,19,19,True,True
2,2,1,1,46,4,4,True,False
3,3,1,1,26,26,26,False,True
4,4,1,1,24,24,24,False,True
5,5,1,1,27,20,20,True,True
6,6,1,1,39,14,14,True,True
7,7,1,1,25,25,25,False,True
8,8,1,1,24,24,24,False,True
9,9,1,1,24,24,24,False,True
10,10,1,1,24,24,24,False,True
11,11,1,1,25,25,25,False,True
12,12,1,1,24,24,24,False,True
13,13,1,1,24,24,24,False,True
14,14,1,1,28,4,4,True,False
15,15,1,1,23,5,5,True,True
16,16,1,1,25,25,25,False,True
17,17,1,1,24,24,24,False,True
18,18,1,1,25,25,25,False,True
19,19,1,1,24,24,24,False,True
20,20,1,1,24,24,24,False,True
21,21,1,1,25,25,25,False,True
22,22,1,1,36,5,5,True,True
23,23,1,1,24,24,24,False,True
24,24,1,1,24,24,24,False,True
25,25,1,1,25,25,25,False,True
26,26,1,2,24,24,24,False,True
27,27,1,2,24,24,24,False,True
28,28,1,2,25,25,25,False,True
29,29,1,2,24,24,24,False,True
30,30,1,2,24,24,24,False,True
31,31,1,2,24,24,23,False,True
32,32,1,2,24,24,24,False,True
33,33,1,2,25,25,25,False,True
34,34,1,2,24,24,24,False,True
35,35,1,2,29,3,3,True,False
36,36,1,2,34,3,3,True,False
37,37,1,2,25,25,24,False,True
38,38,1,2,24,24,24,False,True
39,39,1,2,24,3,3,True,False
40,40,1,2,30,19,18,True,True
41,41,1,2,24,24,24,False,True
42,42,1,2,80,5,5,True,True
43,43,1,2,24,24,24,False,True
44,44,1,2,24,24,24,False,True
45,45,1,2,24,24,24,False,True
46,46,1,2,25,25,25,False,True
47,47,1,2,23,23,23,False,True
48,48,1,2,24,24,24,False,True
49,49,1,2,25,25,24,False,True
50,50,1,2,24,24,24,False,True
51,51,1,3,24,24,24,False,True
52,52,1,3,24,24,24,False,True
53,53,1,3,52,5,5,True,True
54,54,1,3,24,24,24,False,True
55,55,1,3,24,24,24,False,True
56,56,1,3,24,24,24,False,True
57,57,1,3,49,49,49,False,True
58,58,1,3,24,24,24,False,True
59,59,1,3,24,24,24,False,True
60,60,1,3,25,25,25,False,True
61,61,1,3,22,22,22,False,True
62,62,1,3,25,25,25,False,True
63,63,1,3,40,5,5,True,True
64,64,1,3,25,4,4,True,False
65,65,1,3,22,3,3,True,False
66,66,1,3,26,26,26,False,True
67,67,1,3,24,18,18,True,True
68,68,1,3,24,24,24,False,True
69,69,1,3,33,4,4,True,False
70,70,1,3,24,24,24,False,True
71,71,1,3,24,24,24,False,True
72,72,1,3,24,24,24,False,True
73,73,1,3,25,25,25,False,True
74,75,1,3,24,24,24,False,True
75,76,1,4,24,19,19,True,True
76,77,1,4,24,24,24,False,True
77,78,1,4,24,24,24,False,True
78,79,1,4,42,4,3,True,False
79,80,1,4,24,4,4,True,False
80,81,1,4,24,3,3,True,False
81,82,1,4,24,24,24,False,True
82,83,1,4,24,24,24,False,True
83,84,1,4,25,25,24,False,True
84,85,1,4,41,5,5,True,True
85,86,1,4,30,4,4,True,False
86,87,1,4,29,4,4,True,False
87,88,1,4,24,24,24,False,True
88,89,1,4,25,25,24,False,True
89,90,1,4,24,24,24,False,True
90,91,1,4,24,19,19,True,True
91,92,1,4,24,19,19,True,True
92,93,1,4,24,24,24,False,True
93,94,1,4,24,24,24,False,True
94,95,1,4,24,3,3,True,False
95,96,1,4,24,19,19,True,True
96,97,1,4,24,19,19,True,True
97,98,1,4,24,24,24,False,True
98,99,1,4,102,5,5,True,True
99,100,1,4,24,24,24,False,True
100,101,1,5,24,24,24,False,True
101,102,1,5,24,24,24,False,True
102,103,1,5,66,4,4,True,False
103,104,1,5,11,11,11,False,True
104,105,1,5,23,3,3,True,False
105,106,1,5,24,24,24,False,True
106,107,1,5,24,24,24,False,True
107,108,1,5,56,6,6,True,True
108,109,1,5,24,24,24,False,True
109,110,1,5,24,24,24,False,True
110,111,1,5,25,25,25,False,True
111,112,1,5,24,24,24,False,True
112,113,1,5,24,24,24,False,True
113,114,1,5,25,25,25,False,True
114,115,1,5,52,5,5,True,True
115,116,1,5,24,24,24,False,True
116,117,1,5,28,4,4,True,False
117,118,1,5,39,5,5,True,True
118,119,1,5,25,25,25,False,True
119,120,1,5,24,24,24,False,True
120,121,1,5,25,25,25,False,True
121,122,1,5,24,24,24,False,True
122,123,1,5,24,24,23,False,True
123,124,1,5,25,25,25,False,True
124,125,1,5,24,24,23,False,True
125,126,1,6,24,24,24,False,True
126,127,1,6,25,25,24,False,True
127,128,1,6,28,3,3,True,False
128,150,1,6,78,6,6,True,True
129,151,1,7,24,24,24,False,True
130,152,1,7,30,3,3,True,False
131,153,1,7,24,24,24,False,True
132,154,1,7,25,25,25,False,True
133,155,1,7,24,24,24,False,True
134,156,1,7,24,24,24,False,True
135,157,1,7,25,25,25,False,True
136,158,1,7,24,24,24,False,True
137,159,1,7,32,3,3,True,False
138,160,1,7,25,4,4,True,False
139,161,1,7,24,24,24,False,True
140,162,1,7,24,24,24,False,True
141,163,1,7,53,5,5,True,True
142,164,1,7,31,5,5,True,True
143,165,1,7,24,24,24,False,True
144,166,1,7,24,24,24,False,True
145,167,1,7,24,24,24,False,True
146,168,1,7,25,25,25,False,True
147,169,1,7,25,25,24,False,True
148,170,1,7,56,5,5,True,True
149,171,1,7,24,24,24,False,True
150,172,1,7,24,24,24,False,True
151,173,1,7,30,4,4,True,False
152,174,1,7,28,4,4,True,False
153,175,1,7,45,3,3,True,False
154,176,1,8,24,24,24,False,True
155,177,1,8,24,24,24,False,True
156,178,1,8,25,25,25,False,True
157,179,1,8,24,24,24,False,True
158,180,1,8,24,18,18,True,True
159,181,1,8,24,24,23,False,True
160,182,1,8,27,3,3,True,False
161,183,1,8,47,5,5,True,True
162,184,1,8,24,24,24,False,True
163,185,1,8,53,5,5,True,True
164,186,1,8,24,24,24,False,True
165,188,1,8,50,5,5,True,True
166,189,1,8,24,24,23,False,True
167,190,1,8,27,3,3,True,False
168,191,1,8,24,24,24,False,True
169,192,1,8,29,5,5,True,True
170,193,1,8,29,5,4,True,False
171,194,1,8,29,4,4,True,False
172,195,1,8,24,24,24,False,True
173,196,1,8,28,4,4,True,False
174,197,1,8,25,25,24,False,True
175,198,1,8,24,19,19,True,True
176,199,1,8,27,3,3,True,False
177,200,1,8,25,3,3,True,False
178,201,1,9,39,20,20,True,True
179,202,1,9,24,18,18,True,True
180,203,1,9,24,24,24,False,True
181,204,1,9,47,4,4,True,False
182,205,1,9,25,25,25,False,True
183,206,1,9,27,3,3,True,False
184,207,1,9,24,24,24,False,True
185,208,1,9,24,4,3,True,False
186,209,1,9,24,24,24,False,True
187,210,1,9,58,5,5,True,True
188,211,1,9,25,25,24,False,True
189,212,1,9,28,3,3,True,False
190,213,1,9,24,24,24,False,True
191,214,1,9,49,5,5,True,True
192,215,1,9,41,21,20,True,True
193,216,1,9,25,4,4,True,False
194,217,1,9,27,3,3,True,False
195,218,1,9,27,2,2,True,False
196,219,1,9,33,3,3,True,False
197,220,1,9,41,20,20,True,True
198,221,1,9,29,1,0,True,False
199,222,1,9,27,3,3,True,False
200,223,1,9,29,3,3,True,False
201,224,1,9,28,3,3,True,False
202,225,1,9,29,3,3,True,False
203,226,1,10,28,3,3,True,False
204,227,1,10,27,3,3,True,False
205,229,1,10,52,4,3,True,False
206,230,1,10,28,3,3,True,False
207,231,1,10,44,3,3,True,False
208,232,1,10,25,25,24,False,True
209,233,1,10,40,18,18,True,True
210,224,2,9,29,5,4,True,False
211,225,2,9,27,3,3,True,False
212,226,2,10,29,3,3,True,False
213,227,2,10,28,3,3,True,False
214,228,1,10,28,3,3,True,False
215,229,2,10,34,3,3,True,False
216,230,2,10,29,4,4,True,False
217,231,2,10,27,3,3,True,False
218,232,2,10,30,3,3,True,False
219,233,2,10,24,18,18,True,True
220,234,1,10,62,4,4,True,False
221,235,1,10,27,3,3,True,False
222,236,1,10,25,25,24,False,True
223,237,1,10,53,5,5,True,True
224,238,1,10,24,24,24,False,True
225,239,1,10,44,4,4,True,False
226,240,1,10,47,5,5,True,True
227,241,1,10,24,24,24,False,True
228,242,1,10,53,4,4,True,False
229,243,1,10,26,26,25,False,True
230,245,1,10,24,24,24,False,True
231,246,1,10,50,3,3,True,False
232,247,1,10,56,4,4,True,False
233,248,1,10,24,24,24,False,True
234,249,1,10,46,5,5,True,True
235,250,1,10,43,5,5,True,True
236,251,1,11,24,19,19,True,True
237,252,1,11,25,25,24,False,True
238,253,1,11,54,3,3,True,False
239,254,1,11,24,24,24,False,True
240,255,1,11,53,5,5,True,True
241,256,1,11,45,4,4,True,False
242,257,1,11,33,3,3,True,False
243,258,1,11,30,30,30,False,True
244,259,1,11,24,24,23,False,True
245,260,1,11,28,3,3,True,False
246,261,1,11,29,3,3,True,False
247,262,1,11,24,3,3,True,False
248,263,1,11,25,25,25,False,True
249,264,1,11,45,4,3,True,False
