parameter_proxy,cluster_level,cycle_runs,proxy_mean,proxy_std,proxy_min,proxy_max
movement_speed,1,52,0.2745898823038461,0.05115415862529367,0.1754244492000002,0.5104310442166666
movement_speed,2,61,0.48849752989453554,0.14302344163002614,0.25952312036666664,0.7484784968833335
movement_speed,3,65,0.6243596108420514,0.09578950040917111,0.2488890827833333,0.7109765643666667
workload,1,154,1.375112971107792,0.16317098909955427,0.8582730025333335,2.07227657395
workload,2,16,1.6415879928854167,0.20296130388721853,1.3289067922666666,2.2414686422333334
workload,3,8,1.6867799925541667,0.1867740424805629,1.4654160739166668,2.0276522438666666
gripping_force,1,52,0.16864513645384616,0.025359873871931112,0.0900553645,0.23322286580000012
gripping_force,2,110,0.17653314993545455,0.032122492929629265,0.0964790524,0.31389848579999985
gripping_force,3,16,0.3831517287,0.05128406821897991,0.32069069120000004,0.4900899172
