target,window_size,feature_set,model,decision_threshold,test_block,train_blocks,train_cycle_runs,train_windows,eligible_test_cycle_runs,event_cycle_count,detected_event_cycle_count,event_cycle_recall,normal_cycle_count,false_alarm_cycle_count,normal_cycle_false_alarm_rate,false_positive_windows_on_normal_cycles,false_positive_windows_per_normal_cycle,normal_window_false_positive_rate,detected_event_delay_steps_mean,detected_event_delay_steps_median,detected_event_delay_steps_max,window_false_positive_rate,window_test_windows,window_positive_count,window_positive_rate,window_accuracy,window_macro_f1,window_weighted_f1,window_positive_precision,window_positive_recall,window_positive_f1,window_tn,window_fp,window_fn,window_tp,window_roc_auc,window_pr_auc
System_Failure,10,all_sensors,rf_smote,0.5,1,8,178,3606,24,7,7,1.0,17,1,0.058823529411764705,1,0.058823529411764705,0.003816793893129771,4.428571428571429,0.0,13.0,0.028846153846153848,429,117,0.2727272727272727,0.8321678321678322,0.7469026548672566,0.8136765888978278,0.8571428571428571,0.46153846153846156,0.6,303,9,63,54,0.9331580100810869,0.7892392977154885
System_Failure,10,all_sensors,rf_smote,0.5,2,8,179,3614,23,5,5,1.0,18,0,0.0,0,0.0,0.0,3.2,2.0,11.0,0.1308139534883721,421,77,0.1828978622327791,0.8527315914489311,0.7827006327006327,0.8609360552353427,0.5714285714285714,0.7792207792207793,0.6593406593406593,299,45,17,60,0.9175098157656297,0.6324857706524255
System_Failure,10,all_sensors,rf_smote,0.5,3,8,178,3609,24,6,6,1.0,18,3,0.16666666666666666,5,0.2777777777777778,0.017605633802816902,1.8333333333333333,0.0,9.0,0.061946902654867256,426,87,0.20422535211267606,0.903755868544601,0.852576492930998,0.9039597704394757,0.7613636363636364,0.7701149425287356,0.7657142857142857,318,21,20,67,0.940579120469264,0.8370377745794841
System_Failure,10,all_sensors,rf_smote,0.5,4,8,185,3696,17,9,9,1.0,8,1,0.125,6,0.75,0.048,1.4444444444444444,0.0,10.0,0.16205533596837945,339,86,0.2536873156342183,0.8259587020648967,0.7876413441630833,0.8320788356186586,0.6238532110091743,0.7906976744186046,0.6974358974358974,212,41,18,68,0.8936712933174005,0.7441469494720291
System_Failure,10,all_sensors,rf_smote,0.5,5,8,177,3565,25,6,6,1.0,19,1,0.05263157894736842,1,0.05263157894736842,0.0038022813688212928,0.0,0.0,0.0,0.04627249357326478,470,81,0.1723404255319149,0.9319148936170213,0.8829426232060023,0.9325592655961136,0.788235294117647,0.8271604938271605,0.8072289156626506,371,18,14,67,0.9530768986638738,0.8436081940459127
System_Failure,10,all_sensors,rf_smote,0.5,7,8,178,3560,24,9,9,1.0,15,0,0.0,0,0.0,0.0,1.2222222222222223,0.0,11.0,0.013333333333333334,475,100,0.21052631578947367,0.9347368421052632,0.8933040598801527,0.9317973541771304,0.9367088607594937,0.74,0.8268156424581006,370,5,26,74,0.96248,0.9196894225989866
System_Failure,10,all_sensors,rf_smote,0.5,8,8,190,3846,12,5,5,1.0,7,0,0.0,0,0.0,0.0,0.0,0.0,0.0,0.026143790849673203,189,36,0.19047619047619047,0.9576719576719577,0.9313725490196079,0.9576719576719577,0.8888888888888888,0.8888888888888888,0.8888888888888888,149,4,4,32,0.9919208424110385,0.9683698622204647
System_Failure,10,all_sensors,rf_smote,0.5,9,8,176,3474,26,20,20,1.0,6,0,0.0,0,0.0,0.0,2.15,0.0,17.0,0.03183023872679045,561,184,0.32798573975044565,0.8556149732620321,0.8198365718952824,0.8474574977504132,0.905511811023622,0.625,0.7395498392282959,365,12,69,115,0.862652808211279,0.8416510542133959
System_Failure,10,all_sensors,rf_smote,0.5,10,8,175,3310,27,20,20,1.0,7,0,0.0,0,0.0,0.0,0.6,0.0,9.0,0.08477842003853564,725,206,0.28413793103448276,0.8496551724137931,0.8091501657936238,0.8471084504406687,0.7621621621621621,0.6844660194174758,0.7212276214833759,475,44,65,141,0.8996436388125035,0.8425011366935224
System_Failure,10,no_temperature,rf_smote,0.5,1,8,178,3606,24,7,7,1.0,17,3,0.17647058823529413,3,0.17647058823529413,0.011450381679389313,4.142857142857143,0.0,12.0,0.041666666666666664,429,117,0.2727272727272727,0.8298368298368298,0.7504164109757167,0.8144122030332251,0.8142857142857143,0.48717948717948717,0.6096256684491979,299,13,60,57,0.8576457374534299,0.7309180481828147
System_Failure,10,no_temperature,rf_smote,0.5,2,8,179,3614,23,5,5,1.0,18,0,0.0,0,0.0,0.0,0.8,0.0,2.0,0.005813953488372093,421,77,0.1828978622327791,0.9619952494061758,0.9322334004024144,0.9607151698791323,0.9692307692307692,0.8181818181818182,0.8873239436619719,342,2,14,63,0.9886929930534583,0.9621092902774439
System_Failure,10,no_temperature,rf_smote,0.5,3,8,178,3609,24,6,6,1.0,18,3,0.16666666666666666,9,0.5,0.03169014084507042,0.0,0.0,0.0,0.0855457227138643,426,87,0.20422535211267606,0.892018779342723,0.8418095514869708,0.8945292407355107,0.7070707070707071,0.8045977011494253,0.7526881720430108,310,29,17,70,0.9346285559285255,0.8384990926067387
System_Failure,10,no_temperature,rf_smote,0.5,4,8,185,3696,17,9,9,1.0,8,1,0.125,6,0.75,0.048,0.2222222222222222,0.0,2.0,0.1541501976284585,339,86,0.2536873156342183,0.8613569321533924,0.8347627689914441,0.8674188369917776,0.6666666666666666,0.9069767441860465,0.7684729064039408,214,39,8,78,0.9308989796856327,0.8169993156802859
System_Failure,10,no_temperature,rf_smote,0.5,5,8,177,3565,25,6,6,1.0,19,1,0.05263157894736842,1,0.05263157894736842,0.0038022813688212928,0.0,0.0,0.0,0.05912596401028278,470,81,0.1723404255319149,0.9297872340425531,0.8841456582633054,0.9317985577209608,0.7553191489361702,0.8765432098765432,0.8114285714285714,366,23,10,71,0.9604398743216225,0.8815801437886543
System_Failure,10,no_temperature,rf_smote,0.5,7,8,178,3560,24,9,9,1.0,15,0,0.0,0,0.0,0.0,0.3333333333333333,0.0,3.0,0.024,475,100,0.21052631578947367,0.9410526315789474,0.9078947368421053,0.9398891966759002,0.9,0.81,0.8526315789473684,366,9,19,81,0.9706799999999999,0.9353091284709771
System_Failure,10,no_temperature,rf_smote,0.5,8,8,190,3846,12,5,5,1.0,7,1,0.14285714285714285,1,0.14285714285714285,0.010309278350515464,0.0,0.0,0.0,0.0392156862745098,189,36,0.19047619047619047,0.9523809523809523,0.9251485148514851,0.9530975954738332,0.8461538461538461,0.9166666666666666,0.88,147,6,3,33,0.9941902687000727,0.9794331945022405
System_Failure,10,no_temperature,rf_smote,0.5,9,8,176,3474,26,20,20,1.0,6,0,0.0,0,0.0,0.0,1.95,0.0,17.0,0.05305039787798409,561,184,0.32798573975044565,0.8502673796791443,0.8177387914230019,0.8442283168805356,0.8571428571428571,0.6521739130434783,0.7407407407407407,357,20,64,120,0.8559061815246223,0.8364534535526968
System_Failure,10,no_temperature,rf_smote,0.5,10,8,175,3310,27,20,20,1.0,7,0,0.0,0,0.0,0.0,0.5,0.0,8.0,0.09248554913294797,725,206,0.28413793103448276,0.8606896551724138,0.8275033509932839,0.860167857936893,0.7611940298507462,0.7427184466019418,0.7518427518427518,471,48,53,153,0.9242942926090129,0.8649782518278415
ProtectiveStop,10,all_sensors,rf_smote,0.5,1,8,178,3606,24,2,1,0.5,22,0,0.0,0,0.0,0.0,0.0,0.0,0.0,0.012437810945273632,429,27,0.06293706293706294,0.9417249417249417,0.6642246642246642,0.9310518541287772,0.5833333333333334,0.25925925925925924,0.358974358974359,397,5,20,7,0.9260180578588539,0.3802884564928475
ProtectiveStop,10,all_sensors,rf_smote,0.5,2,8,179,3614,23,2,2,1.0,21,0,0.0,0,0.0,0.0,0.0,0.0,0.0,0.0,421,35,0.0831353919239905,0.9857482185273159,0.9492689588688946,0.985135121726334,1.0,0.8285714285714286,0.90625,386,0,6,29,0.9984455958549223,0.9846410899042478
ProtectiveStop,10,all_sensors,rf_smote,0.5,3,8,178,3609,24,3,3,1.0,21,3,0.14285714285714285,6,0.2857142857142857,0.018292682926829267,0.0,0.0,0.0,0.04884318766066838,426,37,0.08685446009389672,0.9366197183098591,0.8235754275634635,0.9402663083339364,0.6041666666666666,0.7837837837837838,0.6823529411764706,370,19,8,29,0.9628986312790939,0.5990107750552731
ProtectiveStop,10,all_sensors,rf_smote,0.5,4,8,185,3696,17,3,3,1.0,14,1,0.07142857142857142,6,0.42857142857142855,0.028985507246376812,0.0,0.0,0.0,0.08783783783783784,339,43,0.12684365781710916,0.8997050147492626,0.8069217367997856,0.906811819017733,0.5737704918032787,0.813953488372093,0.6730769230769231,270,26,8,35,0.9262649277184162,0.6000112296195792
ProtectiveStop,10,all_sensors,rf_smote,0.5,5,8,177,3565,25,5,5,1.0,20,1,0.05,1,0.05,0.0036101083032490976,0.0,0.0,0.0,0.057356608478802994,470,69,0.14680851063829786,0.9361702127659575,0.8835134331317538,0.9388363788233856,0.7294117647058823,0.8985507246376812,0.8051948051948052,378,23,7,62,0.9774115436047561,0.8722366506653948
ProtectiveStop,10,all_sensors,rf_smote,0.5,7,8,178,3560,24,8,8,1.0,16,0,0.0,0,0.0,0.0,0.125,0.0,1.0,0.009852216748768473,475,69,0.14526315789473684,0.96,0.9136537155212828,0.9585350312377418,0.9310344827586207,0.782608695652174,0.8503937007874016,402,4,15,54,0.9766545298779182,0.9188982167855471
ProtectiveStop,10,all_sensors,rf_smote,0.5,8,8,190,3846,12,3,3,1.0,9,0,0.0,0,0.0,0.0,0.0,0.0,0.0,0.005813953488372093,189,17,0.08994708994708994,0.9947089947089947,0.9842565597667638,0.994776867663165,0.9444444444444444,1.0,0.9714285714285714,171,1,0,17,1.0,1.0
ProtectiveStop,10,all_sensors,rf_smote,0.5,9,8,176,3474,26,17,16,0.9411764705882353,9,0,0.0,0,0.0,0.0,1.375,0.0,8.0,0.015945330296127564,561,122,0.21746880570409982,0.9126559714795008,0.8559405084452643,0.907016649870983,0.9195402298850575,0.6557377049180327,0.7655502392344498,432,7,42,80,0.9352290974270883,0.8841246837334897
ProtectiveStop,10,all_sensors,rf_smote,0.5,10,8,175,3310,27,19,18,0.9473684210526315,8,1,0.125,1,0.125,0.008264462809917356,0.5,0.0,9.0,0.027538726333907058,725,144,0.1986206896551724,0.9406896551724138,0.9040536007214062,0.9397901091925899,0.8796992481203008,0.8125,0.8447653429602888,565,16,27,117,0.9665268215720023,0.9157579180378893
ProtectiveStop,10,no_temperature,rf_smote,0.5,1,8,178,3606,24,2,1,0.5,22,6,0.2727272727272727,7,0.3181818181818182,0.01881720430107527,0.0,0.0,0.0,0.029850746268656716,429,27,0.06293706293706294,0.9254079254079254,0.6324694795459413,0.9192891066954035,0.3684210526315789,0.25925925925925924,0.30434782608695654,390,12,20,7,0.9120140040538051,0.43460987242770976
ProtectiveStop,10,no_temperature,rf_smote,0.5,2,8,179,3614,23,2,2,1.0,21,0,0.0,0,0.0,0.0,0.0,0.0,0.0,0.0025906735751295338,421,35,0.0831353919239905,0.995249406175772,0.984418948926721,0.995249406175772,0.9714285714285714,0.9714285714285714,0.9714285714285714,385,1,1,34,0.9994448556624723,0.9946843853820598
ProtectiveStop,10,no_temperature,rf_smote,0.5,3,8,178,3609,24,3,3,1.0,21,4,0.19047619047619047,8,0.38095238095238093,0.024390243902439025,0.6666666666666666,0.0,2.0,0.05398457583547558,426,37,0.08685446009389672,0.92018779342723,0.7706050047513462,0.9236664629313205,0.5333333333333333,0.6486486486486487,0.5853658536585366,368,21,13,24,0.9580351559786007,0.5533394962293312
ProtectiveStop,10,no_temperature,rf_smote,0.5,4,8,185,3696,17,3,3,1.0,14,1,0.07142857142857142,6,0.42857142857142855,0.028985507246376812,0.0,0.0,0.0,0.08108108108108109,339,43,0.12684365781710916,0.9144542772861357,0.8365993517825978,0.9207758310663375,0.6129032258064516,0.8837209302325582,0.7238095238095238,272,24,5,38,0.9455923947203017,0.640366342217236
ProtectiveStop,10,no_temperature,rf_smote,0.5,5,8,177,3565,25,5,5,1.0,20,1,0.05,1,0.05,0.0036101083032490976,0.0,0.0,0.0,0.057356608478802994,470,69,0.14680851063829786,0.9382978723404255,0.8879802753236079,0.9410134251953014,0.7325581395348837,0.9130434782608695,0.8129032258064516,378,23,6,63,0.9810618381582276,0.8946336067942309
ProtectiveStop,10,no_temperature,rf_smote,0.5,7,8,178,3560,24,8,8,1.0,16,0,0.0,0,0.0,0.0,0.125,0.0,1.0,0.012315270935960592,475,69,0.14526315789473684,0.96,0.9147853345796864,0.9588238959861768,0.9166666666666666,0.7971014492753623,0.8527131782945736,401,5,14,55,0.9816877275647891,0.9346411687425538
ProtectiveStop,10,no_temperature,rf_smote,0.5,8,8,190,3846,12,3,3,1.0,9,0,0.0,0,0.0,0.0,0.0,0.0,0.0,0.011627906976744186,189,17,0.08994708994708994,0.9894179894179894,0.9692982456140351,0.9896809926049691,0.8947368421052632,1.0,0.9444444444444444,170,2,0,17,1.0,1.0
ProtectiveStop,10,no_temperature,rf_smote,0.5,9,8,176,3474,26,17,16,0.9411764705882353,9,0,0.0,0,0.0,0.0,1.375,0.0,8.0,0.011389521640091117,561,122,0.21746880570409982,0.9144385026737968,0.8572942722686225,0.9083216554754965,0.9404761904761905,0.6475409836065574,0.7669902912621359,434,5,43,79,0.9520146383360096,0.8949562267462073
ProtectiveStop,10,no_temperature,rf_smote,0.5,10,8,175,3310,27,19,18,0.9473684210526315,8,1,0.125,1,0.125,0.008264462809917356,0.5,0.0,9.0,0.043029259896729774,725,144,0.1986206896551724,0.9310344827586207,0.8916798144960796,0.9310344827586207,0.8263888888888888,0.8263888888888888,0.8263888888888888,556,25,25,119,0.9692460317460319,0.9137356306487038
GripLost,10,all_sensors,rf_smote,0.5,1,8,178,3606,24,5,5,1.0,19,0,0.0,0,0.0,0.0,12.6,12.0,29.0,0.0,429,90,0.2097902097902098,0.8344988344988346,0.6269153979005646,0.7884412595035933,1.0,0.2111111111111111,0.3486238532110092,339,0,71,19,0.9488856112749918,0.841900519531625
GripLost,10,all_sensors,rf_smote,0.5,2,8,179,3614,23,3,3,1.0,20,0,0.0,0,0.0,0.0,7.0,5.0,14.0,0.002638522427440633,421,42,0.0997624703087886,0.9524940617577197,0.8355982505467041,0.9465669502033582,0.9583333333333334,0.5476190476190477,0.696969696969697,378,1,19,23,0.9889747455710517,0.9188509963357087
GripLost,10,all_sensors,rf_smote,0.5,3,8,178,3609,24,5,5,1.0,19,1,0.05263157894736842,1,0.05263157894736842,0.0030581039755351682,2.4,0.0,9.0,0.010638297872340425,426,50,0.11737089201877934,0.9553990610328639,0.880807575065899,0.9529643241021913,0.8974358974358975,0.7,0.7865168539325843,372,4,15,35,0.9282978723404256,0.8420670013997958
GripLost,10,all_sensors,rf_smote,0.5,4,8,185,3696,17,7,7,1.0,10,1,0.1,1,0.1,0.004219409282700422,0.7142857142857143,0.0,3.0,0.02702702702702703,339,43,0.12684365781710916,0.9616519174041298,0.9159306384845768,0.9622005727511644,0.8260869565217391,0.8837209302325582,0.8539325842696629,288,8,5,38,0.9820474544311754,0.9075526637865436
GripLost,10,all_sensors,rf_smote,0.5,5,8,177,3565,25,1,1,1.0,24,0,0.0,0,0.0,0.0,0.0,0.0,0.0,0.0,470,12,0.02553191489361702,0.9893617021276596,0.865706611806389,0.9879908031218805,1.0,0.5833333333333334,0.7368421052631579,458,0,5,7,0.987627365356623,0.876736111111111
GripLost,10,all_sensors,rf_smote,0.5,7,8,178,3560,24,4,4,1.0,20,0,0.0,0,0.0,0.0,3.25,1.5,10.0,0.0045045045045045045,475,31,0.06526315789473684,0.9705263157894737,0.8575895151618982,0.9678564150654176,0.9047619047619048,0.6129032258064516,0.7307692307692307,442,2,12,19,0.9614210985178727,0.8195317884822131
GripLost,10,all_sensors,rf_smote,0.5,8,8,190,3846,12,2,2,1.0,10,2,0.2,3,0.3,0.018867924528301886,0.0,0.0,0.0,0.01764705882352941,189,19,0.10052910052910052,0.9788359788359788,0.9440828402366864,0.9793024639178485,0.8571428571428571,0.9473684210526315,0.9,167,3,1,18,0.9964396284829722,0.9694805641554869
GripLost,10,all_sensors,rf_smote,0.5,9,8,176,3474,26,6,6,1.0,20,2,0.1,2,0.1,0.004608294930875576,1.6666666666666667,0.5,7.0,0.004158004158004158,561,80,0.14260249554367202,0.9126559714795008,0.7626268295842149,0.8975185020057613,0.9428571428571428,0.4125,0.5739130434782609,479,2,47,33,0.8235836798336799,0.661452707477453
GripLost,10,all_sensors,rf_smote,0.5,10,8,175,3310,27,6,4,0.6666666666666666,21,1,0.047619047619047616,2,0.09523809523809523,0.003875968992248062,5.5,2.0,18.0,0.003048780487804878,725,69,0.09517241379310344,0.9296551724137931,0.7010164228707275,0.9127056121164365,0.9090909090909091,0.2898550724637681,0.43956043956043955,654,2,49,20,0.7574341640155532,0.5514902343659366
GripLost,10,no_temperature,rf_smote,0.5,1,8,178,3606,24,5,5,1.0,19,1,0.05263157894736842,2,0.10526315789473684,0.006269592476489028,5.4,3.0,13.0,0.0058997050147492625,429,90,0.2097902097902098,0.8741258741258742,0.7552197802197802,0.8542419119342197,0.95,0.4222222222222222,0.5846153846153846,337,2,52,38,0.8834152736807604,0.8162586754603989
GripLost,10,no_temperature,rf_smote,0.5,2,8,179,3614,23,3,3,1.0,20,1,0.05,7,0.35,0.019337016574585635,3.0,2.0,5.0,0.021108179419525065,421,42,0.0997624703087886,0.9406175771971497,0.8170360712733593,0.9374030293552014,0.7575757575757576,0.5952380952380952,0.6666666666666666,371,8,17,25,0.9843573313230306,0.8750442535445206
GripLost,10,no_temperature,rf_smote,0.5,3,8,178,3609,24,5,5,1.0,19,2,0.10526315789473684,2,0.10526315789473684,0.0061162079510703364,0.6,0.0,3.0,0.018617021276595744,426,50,0.11737089201877934,0.9530516431924883,0.8804244091393926,0.9517391028180346,0.8409090909090909,0.74,0.7872340425531915,369,7,13,37,0.9471010638297872,0.8594255388516296
GripLost,10,no_temperature,rf_smote,0.5,4,8,185,3696,17,7,7,1.0,10,1,0.1,1,0.1,0.004219409282700422,0.0,0.0,0.0,0.04054054054054054,339,43,0.12684365781710916,0.9557522123893806,0.9081881375823779,0.9575066249847208,0.7692307692307693,0.9302325581395349,0.8421052631578947,284,12,3,40,0.990179132620993,0.9294892894820471
GripLost,10,no_temperature,rf_smote,0.5,5,8,177,3565,25,1,1,1.0,24,0,0.0,0,0.0,0.0,0.0,0.0,0.0,0.0,470,12,0.02553191489361702,0.9936170212765958,0.9269392196486864,0.9931715125797499,1.0,0.75,0.8571428571428571,458,0,3,9,0.981259097525473,0.8596542716331409
GripLost,10,no_temperature,rf_smote,0.5,7,8,178,3560,24,4,4,1.0,20,0,0.0,0,0.0,0.0,1.0,0.5,3.0,0.01126126126126126,475,31,0.06526315789473684,0.9705263157894737,0.8714628111952991,0.9695760663449252,0.8148148148148148,0.7096774193548387,0.7586206896551724,439,5,9,22,0.9692313281022958,0.8358603185539362
GripLost,10,no_temperature,rf_smote,0.5,8,8,190,3846,12,2,2,1.0,10,2,0.2,6,0.6,0.03773584905660377,0.0,0.0,0.0,0.041176470588235294,189,19,0.10052910052910052,0.9576719576719577,0.8971148611867175,0.9601777685610022,0.72,0.9473684210526315,0.8181818181818182,163,7,1,18,0.9945820433436533,0.9570980919665129
GripLost,10,no_temperature,rf_smote,0.5,9,8,176,3474,26,6,6,1.0,20,3,0.15,9,0.45,0.020737327188940093,4.0,1.0,17.0,0.02286902286902287,561,80,0.14260249554367202,0.9001782531194296,0.749665327978581,0.8884140244877311,0.7608695652173914,0.4375,0.5555555555555556,470,11,45,35,0.8265592515592516,0.6493224530434352
GripLost,10,no_temperature,rf_smote,0.5,10,8,175,3310,27,6,4,0.6666666666666666,21,3,0.14285714285714285,10,0.47619047619047616,0.01937984496124031,1.25,0.0,5.0,0.01676829268292683,725,69,0.09517241379310344,0.9310344827586207,0.7540705563093623,0.9229775885462967,0.7317073170731707,0.43478260869565216,0.5454545454545454,645,11,39,30,0.8626723223753977,0.5798802847719313
