target,model,seed,test_block,event_cycle_count,detected_event_cycle_count,event_cycle_recall,normal_cycle_count,false_alarm_cycle_count,normal_cycle_false_alarm_rate,window_macro_f1,window_positive_precision,window_positive_recall,window_positive_f1,window_pr_auc
System_Failure,1d_cnn,42,1,7,7,1.0,17,4,0.23529411764705882,0.8121730225517041,0.8222222222222222,0.6324786324786325,0.714975845410628,0.8074766529137601
System_Failure,1d_cnn,43,1,7,7,1.0,17,1,0.058823529411764705,0.8479438677709863,0.8469387755102041,0.7094017094017094,0.772093023255814,0.823997336129617
System_Failure,1d_cnn,44,1,7,7,1.0,17,1,0.058823529411764705,0.8171516754850088,0.8172043010752689,0.6495726495726496,0.7238095238095238,0.8067338009067856
System_Failure,1d_cnn,42,2,5,5,1.0,18,1,0.05555555555555555,0.8137992038920832,0.5882352941176471,0.9090909090909091,0.7142857142857143,0.4676136492210288
System_Failure,1d_cnn,43,2,5,5,1.0,18,2,0.1111111111111111,0.7714496382183977,0.5446428571428571,0.7922077922077922,0.6455026455026455,0.4738098060526101
System_Failure,1d_cnn,44,2,5,5,1.0,18,2,0.1111111111111111,0.801695713612812,0.5775862068965517,0.8701298701298701,0.694300518134715,0.46614845552129014
System_Failure,1d_cnn,42,3,6,6,1.0,18,2,0.1111111111111111,0.7933042212518195,0.7051282051282052,0.632183908045977,0.6666666666666666,0.729771819436172
System_Failure,1d_cnn,43,3,6,6,1.0,18,2,0.1111111111111111,0.7540393163176465,0.6714285714285714,0.5402298850574713,0.5987261146496815,0.6895160476036385
System_Failure,1d_cnn,44,3,6,6,1.0,18,2,0.1111111111111111,0.7837890781518516,0.6973684210526315,0.6091954022988506,0.6503067484662577,0.68128140286654
System_Failure,1d_cnn,42,4,9,9,1.0,8,3,0.375,0.7872499797554458,0.5952380952380952,0.872093023255814,0.7075471698113207,0.8223441940503229
System_Failure,1d_cnn,43,4,9,9,1.0,8,2,0.25,0.8043977717397006,0.6371681415929203,0.8372093023255814,0.7236180904522613,0.7702621906253327
System_Failure,1d_cnn,44,4,9,9,1.0,8,2,0.25,0.7901721551389516,0.6194690265486725,0.813953488372093,0.7035175879396985,0.748590602055286
System_Failure,1d_cnn,42,5,6,6,1.0,19,0,0.0,0.8922841864018334,0.7865168539325843,0.8641975308641975,0.8235294117647058,0.8643086462803081
System_Failure,1d_cnn,43,5,6,6,1.0,19,0,0.0,0.880105639086462,0.7526881720430108,0.8641975308641975,0.8045977011494253,0.813686905530717
System_Failure,1d_cnn,44,5,6,6,1.0,19,3,0.15789473684210525,0.8726505233735489,0.7047619047619048,0.9135802469135802,0.7956989247311828,0.8271956051208594
System_Failure,1d_cnn,42,7,9,9,1.0,15,1,0.06666666666666667,0.8697691197691197,0.8875,0.71,0.7888888888888889,0.8526281801167895
System_Failure,1d_cnn,43,7,9,9,1.0,15,1,0.06666666666666667,0.8824013543081586,0.8181818181818182,0.81,0.8140703517587939,0.8574801228608397
System_Failure,1d_cnn,44,7,9,9,1.0,15,1,0.06666666666666667,0.8507173606390832,0.8701298701298701,0.67,0.7570621468926554,0.8417665677614269
System_Failure,1d_cnn,42,8,5,4,0.8,7,0,0.0,0.7978609625668449,0.9473684210526315,0.5,0.6545454545454545,0.7521847246950142
System_Failure,1d_cnn,43,8,5,5,1.0,7,0,0.0,0.8047608353918707,0.6756756756756757,0.6944444444444444,0.684931506849315,0.8143785775466977
System_Failure,1d_cnn,44,8,5,5,1.0,7,2,0.2857142857142857,0.7508239947264337,0.5434782608695652,0.6944444444444444,0.6097560975609756,0.7639623591186817
System_Failure,1d_cnn,42,9,20,19,0.95,6,2,0.3333333333333333,0.7691674667398162,0.7969924812030075,0.5760869565217391,0.668769716088328,0.758104864232412
System_Failure,1d_cnn,43,9,20,18,0.9,6,4,0.6666666666666666,0.7569934588182192,0.6836158192090396,0.657608695652174,0.6703601108033241,0.7636487576164959
System_Failure,1d_cnn,44,9,20,19,0.95,6,4,0.6666666666666666,0.7914234353020541,0.8,0.6304347826086957,0.7051671732522796,0.7788982504489241
System_Failure,1d_cnn,42,10,20,19,0.95,7,4,0.5714285714285714,0.7760061254097039,0.6428571428571429,0.7427184466019418,0.6891891891891891,0.7877973107824704
System_Failure,1d_cnn,43,10,20,19,0.95,7,3,0.42857142857142855,0.7706595737097235,0.6322314049586777,0.7427184466019418,0.6830357142857143,0.7931942829460308
System_Failure,1d_cnn,44,10,20,20,1.0,7,6,0.8571428571428571,0.7718458034007949,0.5901639344262295,0.8737864077669902,0.7045009784735812,0.8014657915814043
System_Failure,lstm,42,1,7,7,1.0,17,0,0.0,0.8122283264911857,0.8470588235294118,0.6153846153846154,0.7128712871287128,0.8243465370325738
System_Failure,lstm,43,1,7,7,1.0,17,2,0.11764705882352941,0.7919951201201201,0.8666666666666667,0.5555555555555556,0.6770833333333334,0.6925359695157418
System_Failure,lstm,44,1,7,6,0.8571428571428571,17,3,0.17647058823529413,0.7863287853175562,0.8,0.5811965811965812,0.6732673267326733,0.7204395625246922
System_Failure,lstm,42,2,5,5,1.0,18,2,0.1111111111111111,0.7055944055944056,0.4666666666666667,0.6363636363636364,0.5384615384615384,0.4081152713140031
System_Failure,lstm,43,2,5,5,1.0,18,5,0.2777777777777778,0.7725969036479137,0.5230769230769231,0.8831168831168831,0.6570048309178744,0.5812491379258222
System_Failure,lstm,44,2,5,5,1.0,18,4,0.2222222222222222,0.7630765435525028,0.5158730158730159,0.8441558441558441,0.6403940886699507,0.5351517382130533
System_Failure,lstm,42,3,6,6,1.0,18,2,0.1111111111111111,0.7999277456647399,0.7397260273972602,0.6206896551724138,0.675,0.6595255073333576
System_Failure,lstm,43,3,6,6,1.0,18,3,0.16666666666666666,0.811023226616447,0.6888888888888889,0.7126436781609196,0.7005649717514124,0.7163155938372809
System_Failure,lstm,44,3,6,6,1.0,18,3,0.16666666666666666,0.8146407685881369,0.7283950617283951,0.6781609195402298,0.7023809523809523,0.7651044774385783
System_Failure,lstm,42,4,9,9,1.0,8,3,0.375,0.7533236312146003,0.5434782608695652,0.872093023255814,0.6696428571428571,0.7221201161268362
System_Failure,lstm,43,4,9,9,1.0,8,2,0.25,0.8025626092020967,0.6293103448275862,0.8488372093023255,0.7227722772277227,0.8000376430079166
System_Failure,lstm,44,4,9,9,1.0,8,3,0.375,0.7626170879974019,0.568,0.8255813953488372,0.6729857819905213,0.6493148054416097
System_Failure,lstm,42,5,6,6,1.0,19,2,0.10526315789473684,0.8680701754385964,0.6880733944954128,0.9259259259259259,0.7894736842105263,0.8021195863263963
System_Failure,lstm,43,5,6,6,1.0,19,2,0.10526315789473684,0.8736702127659575,0.7009345794392523,0.9259259259259259,0.7978723404255319,0.7543827719004946
System_Failure,lstm,44,5,6,6,1.0,19,3,0.15789473684210525,0.8308013535891713,0.6015625,0.9506172839506173,0.7368421052631579,0.7685280058558016
System_Failure,lstm,42,7,9,9,1.0,15,2,0.13333333333333333,0.8477141086199158,0.8313253012048193,0.69,0.7540983606557377,0.8290595332328453
System_Failure,lstm,43,7,9,9,1.0,15,2,0.13333333333333333,0.8368101363236587,0.7717391304347826,0.71,0.7395833333333334,0.8158092446946954
System_Failure,lstm,44,7,9,9,1.0,15,2,0.13333333333333333,0.840945846780801,0.8192771084337349,0.68,0.7431693989071039,0.8615874323282425
System_Failure,lstm,42,8,5,3,0.6,7,3,0.42857142857142855,0.6791760333990916,0.4857142857142857,0.4722222222222222,0.4788732394366197,0.6648809119666375
System_Failure,lstm,43,8,5,4,0.8,7,0,0.0,0.7120176947652986,0.5862068965517241,0.4722222222222222,0.5230769230769231,0.6953733117011553
System_Failure,lstm,44,8,5,4,0.8,7,0,0.0,0.7178542993630573,0.6071428571428571,0.4722222222222222,0.53125,0.702242178148983
System_Failure,lstm,42,9,20,20,1.0,6,4,0.6666666666666666,0.7105343894683995,0.5857142857142857,0.6684782608695652,0.6243654822335025,0.731830899657308
System_Failure,lstm,43,9,20,18,0.9,6,3,0.5,0.7309253246753247,0.6607142857142857,0.6032608695652174,0.6306818181818182,0.7580457846694681
System_Failure,lstm,44,9,20,20,1.0,6,4,0.6666666666666666,0.7496513638645619,0.6333333333333333,0.7228260869565217,0.6751269035532995,0.7927033627375758
System_Failure,lstm,42,10,20,20,1.0,7,7,1.0,0.7343766356118497,0.573076923076923,0.7233009708737864,0.6394849785407726,0.7768918758826419
System_Failure,lstm,43,10,20,18,0.9,7,4,0.5714285714285714,0.7638296612177209,0.7151162790697675,0.5970873786407767,0.6507936507936508,0.759913587906707
System_Failure,lstm,44,10,20,19,0.95,7,1,0.14285714285714285,0.7775551825581606,0.6508620689655172,0.7330097087378641,0.6894977168949772,0.8075688181601057
ProtectiveStop,1d_cnn,42,1,2,2,1.0,22,0,0.0,0.8160238137282106,0.7272727272727273,0.5925925925925926,0.6530612244897959,0.5958037504982464
ProtectiveStop,1d_cnn,43,1,2,1,0.5,22,0,0.0,0.6420410783055199,0.5454545454545454,0.2222222222222222,0.3157894736842105,0.43104994430349697
ProtectiveStop,1d_cnn,44,1,2,2,1.0,22,0,0.0,0.7861584070099955,0.7,0.5185185185185185,0.5957446808510638,0.5203124474483205
ProtectiveStop,1d_cnn,42,2,2,2,1.0,21,2,0.09523809523809523,0.7769452013321223,0.4520547945205479,0.9428571428571428,0.6111111111111112,0.6227348169780201
ProtectiveStop,1d_cnn,43,2,2,2,1.0,21,1,0.047619047619047616,0.7953545200152397,0.4852941176470588,0.9428571428571428,0.6407766990291263,0.8268165668182109
ProtectiveStop,1d_cnn,44,2,2,2,1.0,21,2,0.09523809523809523,0.7631360078277887,0.42857142857142855,0.9428571428571428,0.5892857142857143,0.5648997073869917
ProtectiveStop,1d_cnn,42,3,3,1,0.3333333333333333,21,10,0.47619047619047616,0.6330749354005167,0.3170731707317073,0.35135135135135137,0.3333333333333333,0.5191509725853987
ProtectiveStop,1d_cnn,43,3,3,3,1.0,21,3,0.14285714285714285,0.7558419440941916,0.5238095238095238,0.5945945945945946,0.5569620253164557,0.6459429066671618
ProtectiveStop,1d_cnn,44,3,3,2,0.6666666666666666,21,3,0.14285714285714285,0.7420940170940171,0.5428571428571428,0.5135135135135135,0.5277777777777778,0.6150017492835227
ProtectiveStop,1d_cnn,42,4,3,3,1.0,14,1,0.07142857142857142,0.7947941888619855,0.52,0.9069767441860465,0.6610169491525424,0.7875230044426569
ProtectiveStop,1d_cnn,43,4,3,3,1.0,14,2,0.14285714285714285,0.7671146953405018,0.4805194805194805,0.8604651162790697,0.6166666666666667,0.7723265521506667
ProtectiveStop,1d_cnn,44,4,3,3,1.0,14,4,0.2857142857142857,0.7596962025316456,0.4634146341463415,0.8837209302325582,0.608,0.7901149123310768
ProtectiveStop,1d_cnn,42,5,5,5,1.0,20,6,0.3,0.7825684678016285,0.5454545454545454,0.782608695652174,0.6428571428571429,0.7316068496063031
ProtectiveStop,1d_cnn,43,5,5,5,1.0,20,14,0.7,0.7056821585123472,0.4108527131782946,0.7681159420289855,0.5353535353535354,0.6572833099470802
ProtectiveStop,1d_cnn,44,5,5,5,1.0,20,8,0.4,0.7955869987532256,0.5398230088495575,0.8840579710144928,0.6703296703296703,0.7598873114535478
ProtectiveStop,1d_cnn,42,7,8,7,0.875,16,0,0.0,0.8589332382988832,0.8679245283018868,0.6666666666666666,0.7540983606557377,0.8421967399364914
ProtectiveStop,1d_cnn,43,7,8,7,0.875,16,0,0.0,0.8701476216511754,0.8727272727272727,0.6956521739130435,0.7741935483870968,0.8444426675816431
ProtectiveStop,1d_cnn,44,7,8,7,0.875,16,0,0.0,0.8664242424242424,0.8571428571428571,0.6956521739130435,0.768,0.8293310887192423
ProtectiveStop,1d_cnn,42,8,3,3,1.0,9,5,0.5555555555555556,0.842064665423925,0.5666666666666667,1.0,0.723404255319149,1.0
ProtectiveStop,1d_cnn,43,8,3,3,1.0,9,4,0.4444444444444444,0.815609756097561,0.5151515151515151,1.0,0.68,0.974640522875817
ProtectiveStop,1d_cnn,44,8,3,3,1.0,9,1,0.1111111111111111,0.9285228046289993,0.7727272727272727,1.0,0.8717948717948718,0.988795518207283
ProtectiveStop,1d_cnn,42,9,17,16,0.9411764705882353,9,2,0.2222222222222222,0.8385956119835171,0.7419354838709677,0.7540983606557377,0.7479674796747967,0.8388955551017179
ProtectiveStop,1d_cnn,43,9,17,15,0.8823529411764706,9,2,0.2222222222222222,0.8542099792099792,0.8035714285714286,0.7377049180327869,0.7692307692307693,0.8320781607014675
ProtectiveStop,1d_cnn,44,9,17,15,0.8823529411764706,9,1,0.1111111111111111,0.8503970448798989,0.8269230769230769,0.7049180327868853,0.7610619469026548,0.825088268800095
ProtectiveStop,1d_cnn,42,10,19,19,1.0,8,4,0.5,0.8693693693693694,0.6938775510204082,0.9444444444444444,0.8,0.9218588431593222
ProtectiveStop,1d_cnn,43,10,19,19,1.0,8,3,0.375,0.8738370925640855,0.7068062827225131,0.9375,0.8059701492537313,0.9349831711896504
ProtectiveStop,1d_cnn,44,10,19,19,1.0,8,7,0.875,0.6757637224168664,0.4040114613180516,0.9791666666666666,0.5720081135902637,0.9235413777893724
ProtectiveStop,lstm,42,1,2,1,0.5,22,0,0.0,0.5650851581508516,0.3333333333333333,0.1111111111111111,0.16666666666666666,0.1537833158236673
ProtectiveStop,lstm,43,1,2,1,0.5,22,0,0.0,0.5383093212983857,0.25,0.07407407407407407,0.11428571428571428,0.2609813286866434
ProtectiveStop,lstm,44,1,2,1,0.5,22,0,0.0,0.6420410783055199,0.5454545454545454,0.2222222222222222,0.3157894736842105,0.33553651782969146
ProtectiveStop,lstm,42,2,2,2,1.0,21,7,0.3333333333333333,0.7872715396655205,0.4605263157894737,1.0,0.6306306306306306,0.9333748057652606
ProtectiveStop,lstm,43,2,2,2,1.0,21,3,0.14285714285714285,0.8057321575061526,0.49295774647887325,1.0,0.660377358490566,0.9506984394120884
ProtectiveStop,lstm,44,2,2,2,1.0,21,0,0.0,0.8477212442729685,0.6037735849056604,0.9142857142857143,0.7272727272727273,0.8911256174233609
ProtectiveStop,lstm,42,3,3,1,0.3333333333333333,21,8,0.38095238095238093,0.6644826141600335,0.375,0.40540540540540543,0.38961038961038963,0.48023811038834574
ProtectiveStop,lstm,43,3,3,1,0.3333333333333333,21,5,0.23809523809523808,0.6887102667153818,0.45454545454545453,0.40540540540540543,0.42857142857142855,0.4868737778516769
ProtectiveStop,lstm,44,3,3,1,0.3333333333333333,21,5,0.23809523809523808,0.6778799655336135,0.4166666666666667,0.40540540540540543,0.410958904109589,0.5347259010622303
ProtectiveStop,lstm,42,4,3,3,1.0,14,4,0.2857142857142857,0.7179549114331722,0.4,0.8837209302325582,0.5507246376811594,0.7196888100793577
ProtectiveStop,lstm,43,4,3,3,1.0,14,2,0.14285714285714285,0.752128026488239,0.4444444444444444,0.9302325581395349,0.6015037593984962,0.8020934395734052
ProtectiveStop,lstm,44,4,3,3,1.0,14,3,0.21428571428571427,0.7596962025316456,0.4634146341463415,0.8837209302325582,0.608,0.7995906192414777
ProtectiveStop,lstm,42,5,5,5,1.0,20,6,0.3,0.8351172364417399,0.5862068965517241,0.9855072463768116,0.7351351351351352,0.8305091843923577
ProtectiveStop,lstm,43,5,5,5,1.0,20,8,0.4,0.7958037844810876,0.5149253731343284,1.0,0.6798029556650246,0.8246108851501261
ProtectiveStop,lstm,44,5,5,5,1.0,20,6,0.3,0.8324348991757223,0.5811965811965812,0.9855072463768116,0.7311827956989247,0.8223411281506599
ProtectiveStop,lstm,42,7,8,6,0.75,16,1,0.0625,0.8609655458931724,0.8166666666666667,0.7101449275362319,0.7596899224806202,0.8007606703699359
ProtectiveStop,lstm,43,7,8,6,0.75,16,1,0.0625,0.8663227016885553,0.819672131147541,0.7246376811594203,0.7692307692307693,0.7860475139552232
ProtectiveStop,lstm,44,7,8,7,0.875,16,1,0.0625,0.8728314414221461,0.782608695652174,0.782608695652174,0.782608695652174,0.848038593692994
ProtectiveStop,lstm,42,8,3,3,1.0,9,4,0.4444444444444444,0.8329545454545455,0.5483870967741935,1.0,0.7083333333333334,1.0
ProtectiveStop,lstm,43,8,3,3,1.0,9,4,0.4444444444444444,0.8612612612612612,0.6071428571428571,1.0,0.7555555555555555,0.9877162629757786
ProtectiveStop,lstm,44,8,3,3,1.0,9,4,0.4444444444444444,0.815609756097561,0.5151515151515151,1.0,0.68,0.9967320261437909
ProtectiveStop,lstm,42,9,17,16,0.9411764705882353,9,2,0.2222222222222222,0.8475434456125295,0.782608695652174,0.7377049180327869,0.759493670886076,0.8235500405166971
ProtectiveStop,lstm,43,9,17,16,0.9411764705882353,9,1,0.1111111111111111,0.8630165289256199,0.7916666666666666,0.7786885245901639,0.7851239669421488,0.8469209240340365
ProtectiveStop,lstm,44,9,17,16,0.9411764705882353,9,2,0.2222222222222222,0.8520439560439561,0.76,0.7786885245901639,0.7692307692307693,0.8675004435599392
ProtectiveStop,lstm,42,10,19,19,1.0,8,5,0.625,0.820213656641844,0.5907172995780591,0.9722222222222222,0.7349081364829396,0.918670168607491
ProtectiveStop,lstm,43,10,19,19,1.0,8,4,0.5,0.8461821079648948,0.6490384615384616,0.9375,0.7670454545454546,0.9177453069397196
ProtectiveStop,lstm,44,10,19,19,1.0,8,3,0.375,0.8510773781402132,0.6509433962264151,0.9583333333333334,0.7752808988764045,0.9224250746291599
GripLost,1d_cnn,42,1,5,5,1.0,19,1,0.05263157894736842,0.8227830671177905,0.9615384615384616,0.5555555555555556,0.704225352112676,0.9000318468872647
GripLost,1d_cnn,43,1,5,5,1.0,19,2,0.10526315789473684,0.8059052639861515,0.9230769230769231,0.5333333333333333,0.676056338028169,0.8484522076914898
GripLost,1d_cnn,44,1,5,5,1.0,19,5,0.2631578947368421,0.8887345743568291,0.8470588235294118,0.8,0.8228571428571428,0.8919637943584122
GripLost,1d_cnn,42,2,3,3,1.0,20,8,0.4,0.7458067685254357,0.41237113402061853,0.9523809523809523,0.5755395683453237,0.6705347632746523
GripLost,1d_cnn,43,2,3,3,1.0,20,15,0.75,0.6673633235631452,0.3111111111111111,1.0,0.4745762711864407,0.7040906269143687
GripLost,1d_cnn,44,2,3,3,1.0,20,11,0.55,0.7079768786127167,0.3611111111111111,0.9285714285714286,0.52,0.6156443887056182
GripLost,1d_cnn,42,3,5,5,1.0,19,5,0.2631578947368421,0.786208973200843,0.5342465753424658,0.78,0.6341463414634146,0.698813664544743
GripLost,1d_cnn,43,3,5,5,1.0,19,2,0.10526315789473684,0.7772914615019878,0.5573770491803278,0.68,0.6126126126126126,0.6828666818566036
GripLost,1d_cnn,44,3,5,5,1.0,19,6,0.3157894736842105,0.783826574107904,0.5,0.88,0.6376811594202898,0.6569766288131593
GripLost,1d_cnn,42,4,7,7,1.0,10,0,0.0,0.8940722360077199,0.76,0.8837209302325582,0.8172043010752689,0.9375511586267469
GripLost,1d_cnn,43,4,7,7,1.0,10,1,0.1,0.8569016462642465,0.65,0.9069767441860465,0.7572815533980582,0.925661076637436
GripLost,1d_cnn,44,4,7,7,1.0,10,0,0.0,0.8794204092330157,0.75,0.8372093023255814,0.7912087912087912,0.9266473123965168
GripLost,1d_cnn,42,5,1,1,1.0,24,3,0.125,0.8272693862550533,0.5238095238095238,0.9166666666666666,0.6666666666666666,0.7666861700820681
GripLost,1d_cnn,43,5,1,1,1.0,24,4,0.16666666666666666,0.8169068952084145,0.5,0.9166666666666666,0.6470588235294118,0.860171568627451
GripLost,1d_cnn,44,5,1,1,1.0,24,11,0.4583333333333333,0.699375813317453,0.28205128205128205,0.9166666666666666,0.43137254901960786,0.747471812092703
GripLost,1d_cnn,42,7,4,4,1.0,20,4,0.2,0.7904904728299225,0.5106382978723404,0.7741935483870968,0.6153846153846154,0.7770101384868107
GripLost,1d_cnn,43,7,4,4,1.0,20,3,0.15,0.7945007931548334,0.55,0.7096774193548387,0.6197183098591549,0.7513334992056933
GripLost,1d_cnn,44,7,4,4,1.0,20,5,0.25,0.7458533975387908,0.41379310344827586,0.7741935483870968,0.5393258426966292,0.694506264626295
GripLost,1d_cnn,42,8,2,2,1.0,10,7,0.7,0.5670783741298001,0.2037037037037037,0.5789473684210527,0.3013698630136986,0.4503323847148462
GripLost,1d_cnn,43,8,2,0,0.0,10,0,0.0,0.4735376044568245,0.0,0.0,0.0,0.2042909764383623
GripLost,1d_cnn,44,8,2,0,0.0,10,0,0.0,0.4735376044568245,0.0,0.0,0.0,0.19899648234213207
GripLost,1d_cnn,42,9,6,6,1.0,20,7,0.35,0.7061988192725195,0.45918367346938777,0.5625,0.5056179775280899,0.5388365617423411
GripLost,1d_cnn,43,9,6,6,1.0,20,6,0.3,0.7122257053291536,0.49411764705882355,0.525,0.509090909090909,0.5444536755455867
GripLost,1d_cnn,44,9,6,6,1.0,20,7,0.35,0.6687448466632976,0.376,0.5875,0.4585365853658537,0.5770832558554516
GripLost,1d_cnn,42,10,6,4,0.6666666666666666,21,13,0.6190476190476191,0.6412219454482698,0.29508196721311475,0.5217391304347826,0.3769633507853403,0.49478446555406197
GripLost,1d_cnn,43,10,6,6,1.0,21,16,0.7619047619047619,0.5939046674563603,0.22857142857142856,0.6956521739130435,0.34408602150537637,0.4433894410598435
GripLost,1d_cnn,44,10,6,6,1.0,21,17,0.8095238095238095,0.6444112828326046,0.2857142857142857,0.6956521739130435,0.4050632911392405,0.4765963291770718
GripLost,lstm,42,1,5,5,1.0,19,10,0.5263157894736842,0.8393091961076532,0.7216494845360825,0.7777777777777778,0.7486631016042781,0.8617154641897802
GripLost,lstm,43,1,5,5,1.0,19,1,0.05263157894736842,0.8101623826381407,0.8928571428571429,0.5555555555555556,0.684931506849315,0.8304690022414613
GripLost,lstm,44,1,5,5,1.0,19,5,0.2631578947368421,0.8713343108504399,0.813953488372093,0.7777777777777778,0.7954545454545454,0.8805702381829479
GripLost,lstm,42,2,3,3,1.0,20,9,0.45,0.634971098265896,0.2777777777777778,0.7142857142857143,0.4,0.5076427781339412
GripLost,lstm,43,2,3,3,1.0,20,8,0.4,0.712431693989071,0.3875,0.7380952380952381,0.5081967213114754,0.6432907947113886
GripLost,lstm,44,2,3,3,1.0,20,12,0.6,0.6667699084589442,0.3106060606060606,0.9761904761904762,0.47126436781609193,0.5801570778289876
GripLost,lstm,42,3,5,5,1.0,19,1,0.05263157894736842,0.8371280536841966,0.7058823529411765,0.72,0.7128712871287128,0.7912197631811569
GripLost,lstm,43,3,5,5,1.0,19,2,0.10526315789473684,0.791582512701499,0.5964912280701754,0.68,0.6355140186915887,0.7180571959227581
GripLost,lstm,44,3,5,5,1.0,19,3,0.15789473684210525,0.8112493563413845,0.6031746031746031,0.76,0.672566371681416,0.7741991671330193
GripLost,lstm,42,4,7,7,1.0,10,2,0.2,0.8288743059061081,0.5797101449275363,0.9302325581395349,0.7142857142857143,0.8822750636446033
GripLost,lstm,43,4,7,7,1.0,10,2,0.2,0.8750670061645671,0.6721311475409836,0.9534883720930233,0.7884615384615384,0.9144970090519131
GripLost,lstm,44,4,7,7,1.0,10,1,0.1,0.8639765530957241,0.6785714285714286,0.8837209302325582,0.7676767676767676,0.8549688678582364
GripLost,lstm,42,5,1,1,1.0,24,5,0.20833333333333334,0.7521398726218003,0.4666666666666667,0.5833333333333334,0.5185185185185185,0.7231650631267
GripLost,lstm,43,5,1,1,1.0,24,6,0.25,0.8272693862550533,0.5238095238095238,0.9166666666666666,0.6666666666666666,0.7765952729188025
GripLost,lstm,44,5,1,1,1.0,24,9,0.375,0.7006676938880328,0.27906976744186046,1.0,0.43636363636363634,0.7382113619858719
GripLost,lstm,42,7,4,4,1.0,20,5,0.25,0.8293528685899939,0.5952380952380952,0.8064516129032258,0.684931506849315,0.835314124479569
GripLost,lstm,43,7,4,4,1.0,20,6,0.3,0.8044577746412609,0.5319148936170213,0.8064516129032258,0.6410256410256411,0.7939328929393628
GripLost,lstm,44,7,4,4,1.0,20,6,0.3,0.7566598360655737,0.4153846153846154,0.8709677419354839,0.5625,0.834195542576811
GripLost,lstm,42,8,2,2,1.0,10,7,0.7,0.6196594427244582,0.3157894736842105,0.3157894736842105,0.3157894736842105,0.2378811473794749
GripLost,lstm,43,8,2,2,1.0,10,8,0.8,0.6353187919463087,0.2786885245901639,0.8947368421052632,0.425,0.4940362555598696
GripLost,lstm,44,8,2,1,0.5,10,9,0.9,0.5030864197530864,0.11428571428571428,0.21052631578947367,0.14814814814814814,0.11317804947708154
GripLost,lstm,42,9,6,6,1.0,20,8,0.4,0.6498107647578182,0.36036036036036034,0.5,0.418848167539267,0.35425181803458844
GripLost,lstm,43,9,6,6,1.0,20,8,0.4,0.6767925417692348,0.4077669902912621,0.525,0.45901639344262296,0.48691906446299843
GripLost,lstm,44,9,6,4,0.6666666666666666,20,20,1.0,0.4724374188348036,0.0963855421686747,0.1,0.09815950920245399,0.15626803851003232
GripLost,lstm,42,10,6,6,1.0,21,14,0.6666666666666666,0.5770551370091339,0.21686746987951808,0.782608695652174,0.33962264150943394,0.41824629732348734
GripLost,lstm,43,10,6,4,0.6666666666666666,21,5,0.23809523809523808,0.7263765666807491,0.5151515151515151,0.4927536231884058,0.5037037037037037,0.5540531512915801
GripLost,lstm,44,10,6,5,0.8333333333333334,21,12,0.5714285714285714,0.6760882759550865,0.3445378151260504,0.5942028985507246,0.43617021276595747,0.5068125881345529
System_Failure,rf_window_features,42,1,7,7,1.0,17,1,0.058823529411764705,0.7469026548672566,0.8571428571428571,0.46153846153846156,0.6,0.7892392977154885
System_Failure,rf_window_features,42,2,5,5,1.0,18,0,0.0,0.7827006327006327,0.5714285714285714,0.7792207792207793,0.6593406593406593,0.6324857706524255
System_Failure,rf_window_features,42,3,6,6,1.0,18,3,0.16666666666666666,0.852576492930998,0.7613636363636364,0.7701149425287356,0.7657142857142857,0.8370377745794841
System_Failure,rf_window_features,42,4,9,9,1.0,8,1,0.125,0.7876413441630833,0.6238532110091743,0.7906976744186046,0.6974358974358974,0.7441469494720291
System_Failure,rf_window_features,42,5,6,6,1.0,19,1,0.05263157894736842,0.8829426232060023,0.788235294117647,0.8271604938271605,0.8072289156626506,0.8436081940459127
System_Failure,rf_window_features,42,7,9,9,1.0,15,0,0.0,0.8933040598801527,0.9367088607594937,0.74,0.8268156424581006,0.9196894225989866
System_Failure,rf_window_features,42,8,5,5,1.0,7,0,0.0,0.9313725490196079,0.8888888888888888,0.8888888888888888,0.8888888888888888,0.9683698622204647
System_Failure,rf_window_features,42,9,20,20,1.0,6,0,0.0,0.8198365718952824,0.905511811023622,0.625,0.7395498392282959,0.8416510542133959
System_Failure,rf_window_features,42,10,20,20,1.0,7,0,0.0,0.8091501657936238,0.7621621621621621,0.6844660194174758,0.7212276214833759,0.8425011366935224
ProtectiveStop,rf_window_features,42,1,2,1,0.5,22,0,0.0,0.6642246642246642,0.5833333333333334,0.25925925925925924,0.358974358974359,0.3802884564928475
ProtectiveStop,rf_window_features,42,2,2,2,1.0,21,0,0.0,0.9492689588688946,1.0,0.8285714285714286,0.90625,0.9846410899042478
ProtectiveStop,rf_window_features,42,3,3,3,1.0,21,3,0.14285714285714285,0.8235754275634635,0.6041666666666666,0.7837837837837838,0.6823529411764706,0.5990107750552731
ProtectiveStop,rf_window_features,42,4,3,3,1.0,14,1,0.07142857142857142,0.8069217367997856,0.5737704918032787,0.813953488372093,0.6730769230769231,0.6000112296195792
ProtectiveStop,rf_window_features,42,5,5,5,1.0,20,1,0.05,0.8835134331317538,0.7294117647058823,0.8985507246376812,0.8051948051948052,0.8722366506653948
ProtectiveStop,rf_window_features,42,7,8,8,1.0,16,0,0.0,0.9136537155212828,0.9310344827586207,0.782608695652174,0.8503937007874016,0.9188982167855471
ProtectiveStop,rf_window_features,42,8,3,3,1.0,9,0,0.0,0.9842565597667638,0.9444444444444444,1.0,0.9714285714285714,1.0
ProtectiveStop,rf_window_features,42,9,17,16,0.9411764705882353,9,0,0.0,0.8559405084452643,0.9195402298850575,0.6557377049180327,0.7655502392344498,0.8841246837334897
ProtectiveStop,rf_window_features,42,10,19,18,0.9473684210526315,8,1,0.125,0.9040536007214062,0.8796992481203008,0.8125,0.8447653429602888,0.9157579180378893
GripLost,rf_window_features,42,1,5,5,1.0,19,0,0.0,0.6269153979005646,1.0,0.2111111111111111,0.3486238532110092,0.841900519531625
GripLost,rf_window_features,42,2,3,3,1.0,20,0,0.0,0.8355982505467041,0.9583333333333334,0.5476190476190477,0.696969696969697,0.9188509963357087
GripLost,rf_window_features,42,3,5,5,1.0,19,1,0.05263157894736842,0.880807575065899,0.8974358974358975,0.7,0.7865168539325843,0.8420670013997958
GripLost,rf_window_features,42,4,7,7,1.0,10,1,0.1,0.9159306384845768,0.8260869565217391,0.8837209302325582,0.8539325842696629,0.9075526637865436
GripLost,rf_window_features,42,5,1,1,1.0,24,0,0.0,0.865706611806389,1.0,0.5833333333333334,0.7368421052631579,0.876736111111111
GripLost,rf_window_features,42,7,4,4,1.0,20,0,0.0,0.8575895151618982,0.9047619047619048,0.6129032258064516,0.7307692307692307,0.8195317884822131
GripLost,rf_window_features,42,8,2,2,1.0,10,2,0.2,0.9440828402366864,0.8571428571428571,0.9473684210526315,0.9,0.9694805641554869
GripLost,rf_window_features,42,9,6,6,1.0,20,2,0.1,0.7626268295842149,0.9428571428571428,0.4125,0.5739130434782609,0.661452707477453
GripLost,rf_window_features,42,10,6,4,0.6666666666666666,21,1,0.047619047619047616,0.7010164228707275,0.9090909090909091,0.2898550724637681,0.43956043956043955,0.5514902343659366
