target,model,seed,test_block,validation_block,core_train_blocks,final_train_blocks,core_train_windows,validation_windows,final_train_windows,test_windows,train_positive_count,best_epoch,best_validation_loss,model_parameters,device,torch_version,cuda_version,elapsed_seconds
System_Failure,1d_cnn,42,1,2,7,8,3185,421,3606,429,857,18,0.6070560038514489,8801,cuda,2.7.1+cu128,12.8,6.5550476999997045
System_Failure,1d_cnn,43,1,2,7,8,3185,421,3606,429,857,9,0.6800313450378364,8801,cuda,2.7.1+cu128,12.8,2.113367999998445
System_Failure,1d_cnn,44,1,2,7,8,3185,421,3606,429,857,8,0.6837024660404958,8801,cuda,2.7.1+cu128,12.8,1.2643053000065265
System_Failure,1d_cnn,42,2,3,7,8,3188,426,3614,421,897,19,0.6002801975733797,8801,cuda,2.7.1+cu128,12.8,3.3876187999994727
System_Failure,1d_cnn,43,2,3,7,8,3188,426,3614,421,897,12,0.6830779828935721,8801,cuda,2.7.1+cu128,12.8,2.4394238000022597
System_Failure,1d_cnn,44,2,3,7,8,3188,426,3614,421,897,19,0.5709414221871068,8801,cuda,2.7.1+cu128,12.8,3.589980700002343
System_Failure,1d_cnn,42,3,4,7,8,3270,339,3609,426,887,20,0.6705225697309218,8801,cuda,2.7.1+cu128,12.8,3.721863200000371
System_Failure,1d_cnn,43,3,4,7,8,3270,339,3609,426,887,14,0.8045993331259331,8801,cuda,2.7.1+cu128,12.8,2.808330500003649
System_Failure,1d_cnn,44,3,4,7,8,3270,339,3609,426,887,18,0.7699072332860446,8801,cuda,2.7.1+cu128,12.8,3.563279500005592
System_Failure,1d_cnn,42,4,5,7,8,3226,470,3696,339,888,34,0.2778585579484067,8801,cuda,2.7.1+cu128,12.8,6.61046609999903
System_Failure,1d_cnn,43,4,5,7,8,3226,470,3696,339,888,24,0.2794466404204673,8801,cuda,2.7.1+cu128,12.8,4.545751899997413
System_Failure,1d_cnn,44,4,5,7,8,3226,470,3696,339,888,28,0.31095629708564027,8801,cuda,2.7.1+cu128,12.8,5.801139399998647
System_Failure,1d_cnn,42,5,7,7,8,3090,475,3565,470,893,31,0.46853587865829466,8801,cuda,2.7.1+cu128,12.8,6.359076199994888
System_Failure,1d_cnn,43,5,7,7,8,3090,475,3565,470,893,23,0.4937199206101267,8801,cuda,2.7.1+cu128,12.8,4.817090800002916
System_Failure,1d_cnn,44,5,7,7,8,3090,475,3565,470,893,22,0.5134377815848903,8801,cuda,2.7.1+cu128,12.8,4.050328299999819
System_Failure,1d_cnn,42,7,8,7,8,3371,189,3560,475,874,28,0.2622089087963104,8801,cuda,2.7.1+cu128,12.8,5.284607599998708
System_Failure,1d_cnn,43,7,8,7,8,3371,189,3560,475,874,30,0.3006044626235962,8801,cuda,2.7.1+cu128,12.8,5.182010299999092
System_Failure,1d_cnn,44,7,8,7,8,3371,189,3560,475,874,31,0.27688661217689514,8801,cuda,2.7.1+cu128,12.8,5.3556142000015825
System_Failure,1d_cnn,42,8,9,7,8,3285,561,3846,189,938,8,0.9554157342077789,8801,cuda,2.7.1+cu128,12.8,2.2075706999967224
System_Failure,1d_cnn,43,8,9,7,8,3285,561,3846,189,938,10,0.9112611847552812,8801,cuda,2.7.1+cu128,12.8,2.0120793000023696
System_Failure,1d_cnn,44,8,9,7,8,3285,561,3846,189,938,10,0.8605178440530883,8801,cuda,2.7.1+cu128,12.8,2.0209319999994477
System_Failure,1d_cnn,42,9,10,7,8,2749,725,3474,561,790,9,0.8357669773595087,8801,cuda,2.7.1+cu128,12.8,1.7062307000014698
System_Failure,1d_cnn,43,9,10,7,8,2749,725,3474,561,790,8,0.8427491504570533,8801,cuda,2.7.1+cu128,12.8,1.4972282999951858
System_Failure,1d_cnn,44,9,10,7,8,2749,725,3474,561,790,8,0.8571774600292075,8801,cuda,2.7.1+cu128,12.8,1.6101677999977255
System_Failure,1d_cnn,42,10,1,7,8,2881,429,3310,725,768,9,0.6428938053704641,8801,cuda,2.7.1+cu128,12.8,1.9274019000004046
System_Failure,1d_cnn,43,10,1,7,8,2881,429,3310,725,768,11,0.6486976378725403,8801,cuda,2.7.1+cu128,12.8,2.37965450000047
System_Failure,1d_cnn,44,10,1,7,8,2881,429,3310,725,768,9,0.6409355463125767,8801,cuda,2.7.1+cu128,12.8,1.8963887999998406
System_Failure,lstm,42,1,2,7,8,3185,421,3606,429,857,13,0.67893912970595,7713,cuda,2.7.1+cu128,12.8,4.013180399997509
System_Failure,lstm,43,1,2,7,8,3185,421,3606,429,857,21,0.5748001423414416,7713,cuda,2.7.1+cu128,12.8,3.720503499993356
System_Failure,lstm,44,1,2,7,8,3185,421,3606,429,857,30,0.6267305785290136,7713,cuda,2.7.1+cu128,12.8,5.4640763999996125
System_Failure,lstm,42,2,3,7,8,3188,426,3614,421,897,9,0.8131295806365394,7713,cuda,2.7.1+cu128,12.8,1.9797515999962343
System_Failure,lstm,43,2,3,7,8,3188,426,3614,421,897,16,0.6534423679812973,7713,cuda,2.7.1+cu128,12.8,3.1641071000049124
System_Failure,lstm,44,2,3,7,8,3188,426,3614,421,897,18,0.5853258567236959,7713,cuda,2.7.1+cu128,12.8,3.2395878000024823
System_Failure,lstm,42,3,4,7,8,3270,339,3609,426,887,15,0.8015969861573526,7713,cuda,2.7.1+cu128,12.8,2.7320371999958297
System_Failure,lstm,43,3,4,7,8,3270,339,3609,426,887,15,0.6616062349626096,7713,cuda,2.7.1+cu128,12.8,2.871972300003108
System_Failure,lstm,44,3,4,7,8,3270,339,3609,426,887,18,0.7071495332197454,7713,cuda,2.7.1+cu128,12.8,3.637191800000437
System_Failure,lstm,42,4,5,7,8,3226,470,3696,339,888,19,0.34991112091439835,7713,cuda,2.7.1+cu128,12.8,3.2731443000011495
System_Failure,lstm,43,4,5,7,8,3226,470,3696,339,888,19,0.35092195481696026,7713,cuda,2.7.1+cu128,12.8,3.5072952000045916
System_Failure,lstm,44,4,5,7,8,3226,470,3696,339,888,26,0.3359529587816685,7713,cuda,2.7.1+cu128,12.8,4.666539300000295
System_Failure,lstm,42,5,7,7,8,3090,475,3565,470,893,18,0.4902620133600737,7713,cuda,2.7.1+cu128,12.8,3.004177599999821
System_Failure,lstm,43,5,7,7,8,3090,475,3565,470,893,21,0.47066070958187706,7713,cuda,2.7.1+cu128,12.8,3.8239986000044155
System_Failure,lstm,44,5,7,7,8,3090,475,3565,470,893,23,0.4651179243388929,7713,cuda,2.7.1+cu128,12.8,4.155797799998254
System_Failure,lstm,42,7,8,7,8,3371,189,3560,475,874,24,0.2769130766391754,7713,cuda,2.7.1+cu128,12.8,4.144495000000461
System_Failure,lstm,43,7,8,7,8,3371,189,3560,475,874,30,0.2267744243144989,7713,cuda,2.7.1+cu128,12.8,5.228923900001973
System_Failure,lstm,44,7,8,7,8,3371,189,3560,475,874,24,0.44131213426589966,7713,cuda,2.7.1+cu128,12.8,4.374068000004627
System_Failure,lstm,42,8,9,7,8,3285,561,3846,189,938,7,1.0265484363000024,7713,cuda,2.7.1+cu128,12.8,1.574379500001669
System_Failure,lstm,43,8,9,7,8,3285,561,3846,189,938,8,1.0100796880887792,7713,cuda,2.7.1+cu128,12.8,1.9522436000042944
System_Failure,lstm,44,8,9,7,8,3285,561,3846,189,938,9,0.9837180226244391,7713,cuda,2.7.1+cu128,12.8,2.3227413999993587
System_Failure,lstm,42,9,10,7,8,2749,725,3474,561,790,10,0.8703138592325408,7713,cuda,2.7.1+cu128,12.8,2.2136914000002434
System_Failure,lstm,43,9,10,7,8,2749,725,3474,561,790,11,0.8101552165787795,7713,cuda,2.7.1+cu128,12.8,2.482655399995565
System_Failure,lstm,44,9,10,7,8,2749,725,3474,561,790,13,0.7436259380702315,7713,cuda,2.7.1+cu128,12.8,2.6070006000009016
System_Failure,lstm,42,10,1,7,8,2881,429,3310,725,768,11,0.7793096459551013,7713,cuda,2.7.1+cu128,12.8,2.2319438999984413
System_Failure,lstm,43,10,1,7,8,2881,429,3310,725,768,6,1.0929109675067288,7713,cuda,2.7.1+cu128,12.8,1.3588624999974854
System_Failure,lstm,44,10,1,7,8,2881,429,3310,725,768,12,0.7424664943368284,7713,cuda,2.7.1+cu128,12.8,2.4723775000020396
ProtectiveStop,1d_cnn,42,1,2,7,8,3185,421,3606,429,536,14,0.317457115423651,8801,cuda,2.7.1+cu128,12.8,2.54456460000074
ProtectiveStop,1d_cnn,43,1,2,7,8,3185,421,3606,429,536,11,0.32426000136944005,8801,cuda,2.7.1+cu128,12.8,2.1943243999994593
ProtectiveStop,1d_cnn,44,1,2,7,8,3185,421,3606,429,536,8,0.36836407954789113,8801,cuda,2.7.1+cu128,12.8,2.001549000000523
ProtectiveStop,1d_cnn,42,2,3,7,8,3188,426,3614,421,528,21,0.4101518705976961,8801,cuda,2.7.1+cu128,12.8,4.217918800000916
ProtectiveStop,1d_cnn,43,2,3,7,8,3188,426,3614,421,528,19,0.36867846261727416,8801,cuda,2.7.1+cu128,12.8,3.6724430000031134
ProtectiveStop,1d_cnn,44,2,3,7,8,3188,426,3614,421,528,17,0.4012000476810294,8801,cuda,2.7.1+cu128,12.8,3.10712980000244
ProtectiveStop,1d_cnn,42,3,4,7,8,3270,339,3609,426,526,5,0.582585054864574,8801,cuda,2.7.1+cu128,12.8,1.193336199998157
ProtectiveStop,1d_cnn,43,3,4,7,8,3270,339,3609,426,526,9,0.5504637372880559,8801,cuda,2.7.1+cu128,12.8,2.2469260999932885
ProtectiveStop,1d_cnn,44,3,4,7,8,3270,339,3609,426,526,10,0.5514275094049167,8801,cuda,2.7.1+cu128,12.8,2.1261766999959946
ProtectiveStop,1d_cnn,42,4,5,7,8,3226,470,3696,339,520,35,0.3097256675045541,8801,cuda,2.7.1+cu128,12.8,6.496783399998094
ProtectiveStop,1d_cnn,43,4,5,7,8,3226,470,3696,339,520,15,0.3500763626808816,8801,cuda,2.7.1+cu128,12.8,3.3137825000012526
ProtectiveStop,1d_cnn,44,4,5,7,8,3226,470,3696,339,520,11,0.37062083539810586,8801,cuda,2.7.1+cu128,12.8,2.553409999993164
ProtectiveStop,1d_cnn,42,5,7,7,8,3090,475,3565,470,494,5,0.7094898479863218,8801,cuda,2.7.1+cu128,12.8,1.2798409000024549
ProtectiveStop,1d_cnn,43,5,7,7,8,3090,475,3565,470,494,4,0.7521589387090583,8801,cuda,2.7.1+cu128,12.8,1.1114622000022791
ProtectiveStop,1d_cnn,44,5,7,7,8,3090,475,3565,470,494,6,0.7125953486091212,8801,cuda,2.7.1+cu128,12.8,1.5282865000044694
ProtectiveStop,1d_cnn,42,7,8,7,8,3371,189,3560,475,494,17,0.09727131575345993,8801,cuda,2.7.1+cu128,12.8,3.1715109000069788
ProtectiveStop,1d_cnn,43,7,8,7,8,3371,189,3560,475,494,19,0.10336162149906158,8801,cuda,2.7.1+cu128,12.8,3.5101832000000286
ProtectiveStop,1d_cnn,44,7,8,7,8,3371,189,3560,475,494,18,0.10543709993362427,8801,cuda,2.7.1+cu128,12.8,3.1582197999960044
ProtectiveStop,1d_cnn,42,8,9,7,8,3285,561,3846,189,546,3,0.9591627043411268,8801,cuda,2.7.1+cu128,12.8,1.0589525999967009
ProtectiveStop,1d_cnn,43,8,9,7,8,3285,561,3846,189,546,4,0.968363073792262,8801,cuda,2.7.1+cu128,12.8,1.2672338999982458
ProtectiveStop,1d_cnn,44,8,9,7,8,3285,561,3846,189,546,5,0.985060468820752,8801,cuda,2.7.1+cu128,12.8,1.4395177999977022
ProtectiveStop,1d_cnn,42,9,10,7,8,2749,725,3474,561,441,11,0.6380504343427461,8801,cuda,2.7.1+cu128,12.8,2.4209172999981092
ProtectiveStop,1d_cnn,43,9,10,7,8,2749,725,3474,561,441,10,0.6643664525295127,8801,cuda,2.7.1+cu128,12.8,1.876911499995913
ProtectiveStop,1d_cnn,44,9,10,7,8,2749,725,3474,561,441,8,0.6506891877075721,8801,cuda,2.7.1+cu128,12.8,1.5623131999964244
ProtectiveStop,1d_cnn,42,10,1,7,8,2881,429,3310,725,419,14,0.310459556140544,8801,cuda,2.7.1+cu128,12.8,3.1693105999947875
ProtectiveStop,1d_cnn,43,10,1,7,8,2881,429,3310,725,419,12,0.4448151805878797,8801,cuda,2.7.1+cu128,12.8,2.3360545999967144
ProtectiveStop,1d_cnn,44,10,1,7,8,2881,429,3310,725,419,5,0.47192876072196693,8801,cuda,2.7.1+cu128,12.8,1.1015460999988136
ProtectiveStop,lstm,42,1,2,7,8,3185,421,3606,429,536,18,0.31282019346173756,7713,cuda,2.7.1+cu128,12.8,3.52729559999716
ProtectiveStop,lstm,43,1,2,7,8,3185,421,3606,429,536,15,0.3751286971880535,7713,cuda,2.7.1+cu128,12.8,3.039472799995565
ProtectiveStop,lstm,44,1,2,7,8,3185,421,3606,429,536,14,0.41376446375088,7713,cuda,2.7.1+cu128,12.8,2.765486600001168
ProtectiveStop,lstm,42,2,3,7,8,3188,426,3614,421,528,10,0.6138358409975616,7713,cuda,2.7.1+cu128,12.8,2.642347500004689
ProtectiveStop,lstm,43,2,3,7,8,3188,426,3614,421,528,15,0.6568146247259328,7713,cuda,2.7.1+cu128,12.8,2.969978799999808
ProtectiveStop,lstm,44,2,3,7,8,3188,426,3614,421,528,17,0.5811135978765891,7713,cuda,2.7.1+cu128,12.8,3.287960200002999
ProtectiveStop,lstm,42,3,4,7,8,3270,339,3609,426,526,8,0.557767886151958,7713,cuda,2.7.1+cu128,12.8,1.7474866000047768
ProtectiveStop,lstm,43,3,4,7,8,3270,339,3609,426,526,9,0.5486257587913919,7713,cuda,2.7.1+cu128,12.8,1.99504710000474
ProtectiveStop,lstm,44,3,4,7,8,3270,339,3609,426,526,9,0.5544005660532498,7713,cuda,2.7.1+cu128,12.8,1.7164170000032755
ProtectiveStop,lstm,42,4,5,7,8,3226,470,3696,339,520,29,0.2763641302255874,7713,cuda,2.7.1+cu128,12.8,4.9671839000002365
ProtectiveStop,lstm,43,4,5,7,8,3226,470,3696,339,520,34,0.2703548567409211,7713,cuda,2.7.1+cu128,12.8,6.559877899999265
ProtectiveStop,lstm,44,4,5,7,8,3226,470,3696,339,520,28,0.2682950423118916,7713,cuda,2.7.1+cu128,12.8,5.507110799997463
ProtectiveStop,lstm,42,5,7,7,8,3090,475,3565,470,494,9,0.764777091929787,7713,cuda,2.7.1+cu128,12.8,1.8038667000000714
ProtectiveStop,lstm,43,5,7,7,8,3090,475,3565,470,494,11,0.6194240823544954,7713,cuda,2.7.1+cu128,12.8,2.2189938000010443
ProtectiveStop,lstm,44,5,7,7,8,3090,475,3565,470,494,10,0.6738704008805124,7713,cuda,2.7.1+cu128,12.8,1.9358694999973522
ProtectiveStop,lstm,42,7,8,7,8,3371,189,3560,475,494,25,0.03947732597589493,7713,cuda,2.7.1+cu128,12.8,4.178052999995998
ProtectiveStop,lstm,43,7,8,7,8,3371,189,3560,475,494,17,0.10016817599534988,7713,cuda,2.7.1+cu128,12.8,3.274846799999068
ProtectiveStop,lstm,44,7,8,7,8,3371,189,3560,475,494,21,0.07716749608516693,7713,cuda,2.7.1+cu128,12.8,3.872502500002156
ProtectiveStop,lstm,42,8,9,7,8,3285,561,3846,189,546,5,1.011465947045787,7713,cuda,2.7.1+cu128,12.8,1.1807351999959792
ProtectiveStop,lstm,43,8,9,7,8,3285,561,3846,189,546,6,0.9231311931754603,7713,cuda,2.7.1+cu128,12.8,1.3081299999976181
ProtectiveStop,lstm,44,8,9,7,8,3285,561,3846,189,546,5,0.8709504672337768,7713,cuda,2.7.1+cu128,12.8,1.26942049999343
ProtectiveStop,lstm,42,9,10,7,8,2749,725,3474,561,441,15,0.6224335660605596,7713,cuda,2.7.1+cu128,12.8,2.5452561999991303
ProtectiveStop,lstm,43,9,10,7,8,2749,725,3474,561,441,12,0.6869691119522884,7713,cuda,2.7.1+cu128,12.8,2.269384599996556
ProtectiveStop,lstm,44,9,10,7,8,2749,725,3474,561,441,12,0.5981275929253677,7713,cuda,2.7.1+cu128,12.8,2.3404356999963056
ProtectiveStop,lstm,42,10,1,7,8,2881,429,3310,725,419,7,0.6919850133237861,7713,cuda,2.7.1+cu128,12.8,1.3439244000037434
ProtectiveStop,lstm,43,10,1,7,8,2881,429,3310,725,419,8,0.7156598392900053,7713,cuda,2.7.1+cu128,12.8,1.523269600002095
ProtectiveStop,lstm,44,10,1,7,8,2881,429,3310,725,419,9,0.6164593254074906,7713,cuda,2.7.1+cu128,12.8,1.7513428000020212
GripLost,1d_cnn,42,1,2,7,8,3185,421,3606,429,346,20,0.3369563693388624,8801,cuda,2.7.1+cu128,12.8,3.6626545999970403
GripLost,1d_cnn,43,1,2,7,8,3185,421,3606,429,346,26,0.4669166193155665,8801,cuda,2.7.1+cu128,12.8,4.648722700003418
GripLost,1d_cnn,44,1,2,7,8,3185,421,3606,429,346,12,0.49431886285047916,8801,cuda,2.7.1+cu128,12.8,2.6525254000007408
GripLost,1d_cnn,42,2,3,7,8,3188,426,3614,421,394,12,0.5223020930805117,8801,cuda,2.7.1+cu128,12.8,2.444225200000801
GripLost,1d_cnn,43,2,3,7,8,3188,426,3614,421,394,16,0.5789521607994473,8801,cuda,2.7.1+cu128,12.8,4.058949700003723
GripLost,1d_cnn,44,2,3,7,8,3188,426,3614,421,394,11,0.5762309807007302,8801,cuda,2.7.1+cu128,12.8,2.515139099996304
GripLost,1d_cnn,42,3,4,7,8,3270,339,3609,426,386,12,0.4444676247318234,8801,cuda,2.7.1+cu128,12.8,2.530597700002545
GripLost,1d_cnn,43,3,4,7,8,3270,339,3609,426,386,17,0.5056716275503063,8801,cuda,2.7.1+cu128,12.8,3.5011060000033467
GripLost,1d_cnn,44,3,4,7,8,3270,339,3609,426,386,13,0.4503430363373243,8801,cuda,2.7.1+cu128,12.8,2.781549500003166
GripLost,1d_cnn,42,4,5,7,8,3226,470,3696,339,393,27,0.09087181744423319,8801,cuda,2.7.1+cu128,12.8,4.768648500001291
GripLost,1d_cnn,43,4,5,7,8,3226,470,3696,339,393,18,0.12267251030561772,8801,cuda,2.7.1+cu128,12.8,3.5160243999998784
GripLost,1d_cnn,44,4,5,7,8,3226,470,3696,339,393,24,0.12003963248843842,8801,cuda,2.7.1+cu128,12.8,5.014286600002379
GripLost,1d_cnn,42,5,7,7,8,3090,475,3565,470,424,14,0.4323437612307699,8801,cuda,2.7.1+cu128,12.8,2.7530213999998523
GripLost,1d_cnn,43,5,7,7,8,3090,475,3565,470,424,13,0.43572303809617696,8801,cuda,2.7.1+cu128,12.8,2.9277382000000216
GripLost,1d_cnn,44,5,7,7,8,3090,475,3565,470,424,16,0.42779206526906866,8801,cuda,2.7.1+cu128,12.8,2.9649172999997973
GripLost,1d_cnn,42,7,8,7,8,3371,189,3560,475,405,20,0.2818140387535095,8801,cuda,2.7.1+cu128,12.8,3.807794799999101
GripLost,1d_cnn,43,7,8,7,8,3371,189,3560,475,405,30,0.14675721526145935,8801,cuda,2.7.1+cu128,12.8,6.292621600005077
GripLost,1d_cnn,44,7,8,7,8,3371,189,3560,475,405,29,0.19346827268600464,8801,cuda,2.7.1+cu128,12.8,6.079861600002914
GripLost,1d_cnn,42,8,9,7,8,3285,561,3846,189,417,3,1.489875305517047,8801,cuda,2.7.1+cu128,12.8,1.3348145999989356
GripLost,1d_cnn,43,8,9,7,8,3285,561,3846,189,417,1,1.54913172194877,8801,cuda,2.7.1+cu128,12.8,0.7368191999994451
GripLost,1d_cnn,44,8,9,7,8,3285,561,3846,189,417,1,1.546645318548097,8801,cuda,2.7.1+cu128,12.8,0.683819300000323
GripLost,1d_cnn,42,9,10,7,8,2749,725,3474,561,356,7,0.8720429584897798,8801,cuda,2.7.1+cu128,12.8,1.4628105000010692
GripLost,1d_cnn,43,9,10,7,8,2749,725,3474,561,356,8,0.9260876218203841,8801,cuda,2.7.1+cu128,12.8,1.5085620999961975
GripLost,1d_cnn,44,9,10,7,8,2749,725,3474,561,356,8,0.9317366720890177,8801,cuda,2.7.1+cu128,12.8,2.0378612999993493
GripLost,1d_cnn,42,10,1,7,8,2881,429,3310,725,367,9,0.5695265510004439,8801,cuda,2.7.1+cu128,12.8,2.093089800000598
GripLost,1d_cnn,43,10,1,7,8,2881,429,3310,725,367,8,0.7526962860619827,8801,cuda,2.7.1+cu128,12.8,2.84645509999973
GripLost,1d_cnn,44,10,1,7,8,2881,429,3310,725,367,9,0.6808325953972645,8801,cuda,2.7.1+cu128,12.8,1.9786182000025292
GripLost,lstm,42,1,2,7,8,3185,421,3606,429,346,22,0.4913856998050581,7713,cuda,2.7.1+cu128,12.8,4.591061800005264
GripLost,lstm,43,1,2,7,8,3185,421,3606,429,346,14,0.7428393730641544,7713,cuda,2.7.1+cu128,12.8,2.884689400001662
GripLost,lstm,44,1,2,7,8,3185,421,3606,429,346,20,0.5000443426701915,7713,cuda,2.7.1+cu128,12.8,3.506539399997564
GripLost,lstm,42,2,3,7,8,3188,426,3614,421,394,8,0.9725737135175249,7713,cuda,2.7.1+cu128,12.8,1.910369899997022
GripLost,lstm,43,2,3,7,8,3188,426,3614,421,394,14,0.8079614012454037,7713,cuda,2.7.1+cu128,12.8,3.5946848999956273
GripLost,lstm,44,2,3,7,8,3188,426,3614,421,394,10,0.7632357822337621,7713,cuda,2.7.1+cu128,12.8,2.4460552999953507
GripLost,lstm,42,3,4,7,8,3270,339,3609,426,386,13,0.5907845274602945,7713,cuda,2.7.1+cu128,12.8,2.9417761000004248
GripLost,lstm,43,3,4,7,8,3270,339,3609,426,386,13,0.44502056369167864,7713,cuda,2.7.1+cu128,12.8,2.3737112000017078
GripLost,lstm,44,3,4,7,8,3270,339,3609,426,386,11,0.7111042912357148,7713,cuda,2.7.1+cu128,12.8,2.5370398000013665
GripLost,lstm,42,4,5,7,8,3226,470,3696,339,393,24,0.14367069180341477,7713,cuda,2.7.1+cu128,12.8,6.141891899998882
GripLost,lstm,43,4,5,7,8,3226,470,3696,339,393,24,0.13001103699207306,7713,cuda,2.7.1+cu128,12.8,5.375755700006266
GripLost,lstm,44,4,5,7,8,3226,470,3696,339,393,22,0.14455188519143045,7713,cuda,2.7.1+cu128,12.8,4.050716300000204
GripLost,lstm,42,5,7,7,8,3090,475,3565,470,424,19,0.4420239053901873,7713,cuda,2.7.1+cu128,12.8,3.6801224000009825
GripLost,lstm,43,5,7,7,8,3090,475,3565,470,424,35,0.41321680376404213,7713,cuda,2.7.1+cu128,12.8,6.842690500001481
GripLost,lstm,44,5,7,7,8,3090,475,3565,470,424,23,0.40112490252444616,7713,cuda,2.7.1+cu128,12.8,4.443232600002375
GripLost,lstm,42,7,8,7,8,3371,189,3560,475,405,21,0.3408096432685852,7713,cuda,2.7.1+cu128,12.8,3.862731099994562
GripLost,lstm,43,7,8,7,8,3371,189,3560,475,405,24,0.3366970419883728,7713,cuda,2.7.1+cu128,12.8,4.397714900005667
GripLost,lstm,44,7,8,7,8,3371,189,3560,475,405,29,0.21709467470645905,7713,cuda,2.7.1+cu128,12.8,5.242752099999052
GripLost,lstm,42,8,9,7,8,3285,561,3846,189,417,1,1.4629662999494828,7713,cuda,2.7.1+cu128,12.8,0.6591769000006025
GripLost,lstm,43,8,9,7,8,3285,561,3846,189,417,7,1.3801796558494024,7713,cuda,2.7.1+cu128,12.8,1.729676599999948
GripLost,lstm,44,8,9,7,8,3285,561,3846,189,417,1,1.47772105439249,7713,cuda,2.7.1+cu128,12.8,0.7512788000021828
GripLost,lstm,42,9,10,7,8,2749,725,3474,561,356,8,0.8611790368474763,7713,cuda,2.7.1+cu128,12.8,1.572485599994252
GripLost,lstm,43,9,10,7,8,2749,725,3474,561,356,9,0.9207697827240516,7713,cuda,2.7.1+cu128,12.8,1.8728153000047314
GripLost,lstm,44,9,10,7,8,2749,725,3474,561,356,1,1.1927798374767962,7713,cuda,2.7.1+cu128,12.8,0.5512715000004391
GripLost,lstm,42,10,1,7,8,2881,429,3310,725,367,9,0.9240345663124031,7713,cuda,2.7.1+cu128,12.8,1.9340499999962049
GripLost,lstm,43,10,1,7,8,2881,429,3310,725,367,16,0.8720667190624006,7713,cuda,2.7.1+cu128,12.8,2.8113576999967336
GripLost,lstm,44,10,1,7,8,2881,429,3310,725,367,13,1.143364605022755,7713,cuda,2.7.1+cu128,12.8,2.2348084000041126
