target,model,feature,window_statistic,false_alarm_window_count,true_negative_window_count,false_alarm_median,true_negative_median,true_negative_iqr,robust_shift_iqr,absolute_robust_shift_iqr
System_Failure,rf_window_features,Current_J0,mean,13,1714,-0.1500124927610159,-0.059890980878844854,0.23597099160979268,-0.3819177572097427,0.3819177572097427
System_Failure,rf_window_features,Current_J1,mean,13,1714,-2.332779014110565,-2.1916443407535553,0.343579772114754,-0.4107770154462746,0.4107770154462746
System_Failure,rf_window_features,Current_J2,mean,13,1714,-1.2643671870231628,-1.2063512533903122,0.1692776247858998,-0.34272653403678327,0.34272653403678327
System_Failure,rf_window_features,Current_J3,mean,13,1714,-0.7753283485770226,-0.5688266335171648,0.1793048014398665,-1.1516797843760607,1.1516797843760607
System_Failure,rf_window_features,Current_J4,mean,13,1714,0.13414633814245464,-0.007925579883158207,0.19662493576761336,0.7225529024127666,0.7225529024127666
System_Failure,rf_window_features,Current_J5,mean,13,1714,0.04620947390794754,-0.006434462219476699,0.03938402625644813,1.3366824352755233,1.3366824352755233
System_Failure,rf_window_features,Temperature_J0,mean,13,1714,33.7,33.890625,5.329687500000006,-0.03576663734975023,0.03576663734975023
System_Failure,rf_window_features,Temperature_J1,mean,13,1714,36.2125,36.44375,6.387500000000003,-0.036203522504892796,0.036203522504892796
System_Failure,rf_window_features,Temperature_J2,mean,13,1714,36.6125,36.86875,6.5546875,-0.03909415971394539,0.03909415971394539
System_Failure,rf_window_features,Temperature_J3,mean,13,1714,39.68125,39.896874999999994,6.267187500000006,-0.034405385190724794,0.034405385190724794
System_Failure,rf_window_features,Temperature_J4,mean,13,1714,41.2375,41.5,7.324999999999996,-0.03583617747440314,0.03583617747440314
System_Failure,rf_window_features,Temperature_J5,mean,13,1714,40.35,40.571875000000006,7.456250000000004,-0.029756915339480855,0.029756915339480855
System_Failure,rf_window_features,Speed_J0,mean,13,1714,0.0008003803553947364,-0.0010301917671998186,0.06538191001716315,0.027998143861413943,0.027998143861413943
System_Failure,rf_window_features,Speed_J1,mean,13,1714,-0.0016904939409869257,0.0006560687033925205,0.017022178859036417,-0.13785324803667817,0.13785324803667817
System_Failure,rf_window_features,Speed_J2,mean,13,1714,-0.0034744116361252963,0.002503020435779035,0.150905617623539,-0.03961040129610087,0.03961040129610087
System_Failure,rf_window_features,Speed_J3,mean,13,1714,0.004114281199872494,-0.004273094412323531,0.1580446304031844,0.05306966513698798,0.05306966513698798
System_Failure,rf_window_features,Speed_J4,mean,13,1714,0.000451747517217882,-0.002799009717386793,0.019592492659376147,0.1659185123159405,0.1659185123159405
System_Failure,rf_window_features,Speed_J5,mean,13,1714,0.009385719889972685,-0.0015654962022381368,0.09751632879852254,0.11230135739458583,0.11230135739458583
System_Failure,rf_window_features,Tool_current,mean,13,1714,0.09968656301498413,0.10058631598949433,0.03676439821720122,-0.0244734857128499,0.0244734857128499
System_Failure,rf_window_features,Power_J0,mean,13,1714,0.003854499503268016,0.004214280213000165,0.018226110701619773,-0.01973985100947373,0.01973985100947373
System_Failure,rf_window_features,Power_J1,mean,13,1714,0.003474067384377122,0.0008960659673903137,0.04419340151634969,0.05833453249877262,0.05833453249877262
System_Failure,rf_window_features,Power_J2,mean,13,1714,0.0068937497504521165,0.07363263384322635,0.28435896884329853,-0.2346994166009653,0.2346994166009653
System_Failure,rf_window_features,Power_J3,mean,13,1714,0.02430020971223712,0.10345354499575146,0.14762837446308796,-0.5361661372442011,0.5361661372442011
System_Failure,rf_window_features,Power_J4,mean,13,1714,-0.00012381938605159347,-0.0012658752214065316,0.007162000606251991,0.1594604494110197,0.1594604494110197
System_Failure,rf_window_features,Power_J5,mean,13,1714,0.013520993199745136,0.015710189621738722,0.012336012093928818,-0.17746386800893316,0.17746386800893316
System_Failure,rf_window_features,Abs_Current_Sum,mean,13,1714,5.011440348625183,5.0014302134513855,0.7910020291805271,0.012655005682056492,0.012655005682056492
System_Failure,rf_window_features,Current_J0,range,13,1714,1.0652442574501038,2.212521195411682,3.067344546318054,-0.3740293666515991,0.3740293666515991
System_Failure,rf_window_features,Current_J1,range,13,1714,2.6597278118133545,2.170652985572815,1.619909755885601,0.3019148594318845,0.3019148594318845
System_Failure,rf_window_features,Current_J2,range,13,1714,1.1741596460342407,1.5565041601657867,1.3300347924232483,-0.2874695581721858,0.2874695581721858
System_Failure,rf_window_features,Current_J3,range,13,1714,1.232153907418251,1.5743494480848312,1.140946239233017,-0.2999225808366008,0.2999225808366008
System_Failure,rf_window_features,Current_J4,range,13,1714,1.3622033894062042,1.8548648357391357,1.572267472743988,-0.31334455165768826,0.31334455165768826
System_Failure,rf_window_features,Current_J5,range,13,1714,0.424016535282135,0.43311093747615814,0.0790097713470459,-0.11510477804164869,0.11510477804164869
System_Failure,rf_window_features,Temperature_J0,range,13,1714,0.0625,0.0625,0.0,,
System_Failure,rf_window_features,Temperature_J1,range,13,1714,0.0625,0.0625,0.0,,
System_Failure,rf_window_features,Temperature_J2,range,13,1714,0.0625,0.0625,0.0,,
System_Failure,rf_window_features,Temperature_J3,range,13,1714,0.0625,0.0625,0.0,,
System_Failure,rf_window_features,Temperature_J4,range,13,1714,0.0625,0.0625,0.0625,0.0,0.0
System_Failure,rf_window_features,Temperature_J5,range,13,1714,0.0625,0.0625,0.0,,
System_Failure,rf_window_features,Speed_J0,range,13,1714,0.27078524231910706,0.5167206972837448,0.28350676596164703,-0.8674764925995031,0.8674764925995031
System_Failure,rf_window_features,Speed_J1,range,13,1714,0.10653115063905716,0.18352787959156558,0.10220422386191785,-0.7533615152396655,0.7533615152396655
System_Failure,rf_window_features,Speed_J2,range,13,1714,0.07516348361968994,2.7446792125701904,3.6992377303540707,-0.721639408855994,0.721639408855994
System_Failure,rf_window_features,Speed_J3,range,13,1714,0.6693210899829865,1.5590860247612,0.5026319921016693,-1.7702115041619502,1.7702115041619502
System_Failure,rf_window_features,Speed_J4,range,13,1714,0.04862441937439144,0.14743825607001781,0.11245739087462425,-0.8786780124197554,0.8786780124197554
System_Failure,rf_window_features,Speed_J5,range,13,1714,0.5183422267436981,1.3001389503479004,0.44533516466617584,-1.7555243457817635,1.7555243457817635
System_Failure,rf_window_features,Tool_current,range,13,1714,0.11134958267211914,0.11312997341156006,0.3010140061378479,-0.005914644179798054,0.005914644179798054
System_Failure,rf_window_features,Power_J0,range,13,1714,0.07281452417373657,0.16616340354084969,0.1227275007404387,-0.7606190854040155,0.7606190854040155
System_Failure,rf_window_features,Power_J1,range,13,1714,0.31345117650926113,0.38642217218875885,0.24631499941460788,-0.296250719009888,0.296250719009888
System_Failure,rf_window_features,Power_J2,range,13,1714,0.11702555045485497,3.9760058727115393,4.159382313489914,-0.9277772590754759,0.9277772590754759
System_Failure,rf_window_features,Power_J3,range,13,1714,0.4345952719449997,1.1479423940181732,0.587400272488594,-1.214414012868925,1.214414012868925
System_Failure,rf_window_features,Power_J4,range,13,1714,0.011307922191917896,0.04315875470638314,0.0362893040291965,-0.8776920188064149,0.8776920188064149
System_Failure,rf_window_features,Power_J5,range,13,1714,0.078964305925183,0.20592142641544342,0.11783034075051546,-1.077456957873603,1.077456957873603
System_Failure,rf_window_features,Abs_Current_Sum,range,13,1714,4.744765996932983,5.826608180999756,3.1528708934783936,-0.3431292370088881,0.3431292370088881
System_Failure,1d_cnn,Current_J0,mean,43,1684,-0.020236773043870927,-0.0622651718556881,0.23963368519907818,0.1753860221149695,0.1753860221149695
System_Failure,1d_cnn,Current_J1,mean,43,1684,-2.2169681027531625,-2.191719313710928,0.3454756438732147,-0.07308413629153143,0.07308413629153143
System_Failure,1d_cnn,Current_J2,mean,43,1684,-1.184737539291382,-1.2071328438818454,0.16534876339137572,0.13544283084509331,0.13544283084509331
System_Failure,1d_cnn,Current_J3,mean,43,1684,-0.7332907676696777,-0.5674157001078128,0.178482112569327,-0.9293652185870154,0.9293652185870154
System_Failure,1d_cnn,Current_J4,mean,43,1684,-0.017979898949852212,-0.007474781974451616,0.19876526860753074,-0.052851874218243486,0.052851874218243486
System_Failure,1d_cnn,Current_J5,mean,43,1684,0.002203054272104055,-0.00649218118051067,0.03949101829202846,0.22018260932942113,0.22018260932942113
System_Failure,1d_cnn,Temperature_J0,mean,43,1684,37.0,33.865624999999994,5.426562500000003,0.577598617909589,0.577598617909589
System_Failure,1d_cnn,Temperature_J1,mean,43,1684,39.98125,36.409375,6.524999999999999,0.5474137931034493,0.5474137931034493
System_Failure,1d_cnn,Temperature_J2,mean,43,1684,40.375,36.853125000000006,6.707812499999996,0.5250407640344742,0.5250407640344742
System_Failure,1d_cnn,Temperature_J3,mean,43,1684,43.0625,39.875,6.439062499999999,0.4950254792526087,0.4950254792526087
System_Failure,1d_cnn,Temperature_J4,mean,43,1684,45.04375,41.440625,7.5,0.48041666666666744,0.48041666666666744
System_Failure,1d_cnn,Temperature_J5,mean,43,1684,44.38125,40.553124999999994,7.7265625,0.49544994944388365,0.49544994944388365
System_Failure,1d_cnn,Speed_J0,mean,43,1684,0.008301562424639997,-0.001457333630969515,0.06644920721646486,0.14686249038034335,0.14686249038034335
System_Failure,1d_cnn,Speed_J1,mean,43,1684,-0.0014791144174523651,0.0006560687033925205,0.017288260723216806,-0.12350479640658699,0.12350479640658699
System_Failure,1d_cnn,Speed_J2,mean,43,1684,0.0014278095503047262,0.0024981015093544557,0.15250242652239193,-0.00701819625730728,0.00701819625730728
System_Failure,1d_cnn,Speed_J3,mean,43,1684,-0.01492426682380028,-0.0038414889946570222,0.15861358137462955,-0.06987281752983583,0.06987281752983583
System_Failure,1d_cnn,Speed_J4,mean,43,1684,-0.001606898364116205,-0.0027158841461641715,0.019943846512003177,0.05560541099133134,0.05560541099133134
System_Failure,1d_cnn,Speed_J5,mean,43,1684,0.009223040752840462,-0.0015654962022381368,0.0975929962783539,0.11054622120943626,0.11054622120943626
System_Failure,1d_cnn,Tool_current,mean,43,1684,0.1060183584690094,0.10039155185222626,0.03553725630044935,0.15833542604446896,0.15833542604446896
System_Failure,1d_cnn,Power_J0,mean,43,1684,0.003035126812757289,0.004214280213000165,0.017864969717403284,-0.06600366073356373,0.06600366073356373
System_Failure,1d_cnn,Power_J1,mean,43,1684,0.0020736544393002987,0.0009461515372095163,0.04473339695387002,0.025204947061218848,0.025204947061218848
System_Failure,1d_cnn,Power_J2,mean,43,1684,0.028700778469647047,0.07319690983276814,0.28675781583187926,-0.15516972478688545,0.15516972478688545
System_Failure,1d_cnn,Power_J3,mean,43,1684,0.08361823413142702,0.10328072416887155,0.14821918003495904,-0.1326582027562622,0.1326582027562622
System_Failure,1d_cnn,Power_J4,mean,43,1684,-0.0011615077765782188,-0.0012508378375059694,0.007160674566429706,0.012475090174680332,0.012475090174680332
System_Failure,1d_cnn,Power_J5,mean,43,1684,0.01598809130337031,0.015694976745816575,0.012360548572050774,0.023713717546203123,0.023713717546203123
System_Failure,1d_cnn,Abs_Current_Sum,mean,43,1684,4.726009273529053,5.006636166572571,0.7973947763442997,-0.3519296857324142,0.3519296857324142
System_Failure,1d_cnn,Current_J0,range,43,1684,1.5193438827991486,2.254526525735855,3.119417853653431,-0.23567943681404144,0.23567943681404144
System_Failure,1d_cnn,Current_J1,range,43,1684,2.0880626440048218,2.2268126010894775,1.6376683712005615,-0.08472408671050982,0.08472408671050982
System_Failure,1d_cnn,Current_J2,range,43,1684,1.4643669128417969,1.5562097430229187,1.3302002400159836,-0.06904436446351735,0.06904436446351735
System_Failure,1d_cnn,Current_J3,range,43,1684,1.7171071469783783,1.5726148337125778,1.1432980373501778,0.12638201811374605,0.12638201811374605
System_Failure,1d_cnn,Current_J4,range,43,1684,1.3369147181510925,1.8914384245872498,1.5795699656009674,-0.35105992042915407,0.35105992042915407
System_Failure,1d_cnn,Current_J5,range,43,1684,0.40567146241664886,0.4340149462223053,0.08178439363837242,-0.34656347677997523,0.34656347677997523
System_Failure,1d_cnn,Temperature_J0,range,43,1684,0.0625,0.0625,0.0,,
System_Failure,1d_cnn,Temperature_J1,range,43,1684,0.0625,0.0625,0.0,,
System_Failure,1d_cnn,Temperature_J2,range,43,1684,0.0625,0.0625,0.0,,
System_Failure,1d_cnn,Temperature_J3,range,43,1684,0.0625,0.0625,0.0,,
System_Failure,1d_cnn,Temperature_J4,range,43,1684,0.0625,0.0625,0.0625,0.0,0.0
System_Failure,1d_cnn,Temperature_J5,range,43,1684,0.0625,0.0625,0.0,,
System_Failure,1d_cnn,Speed_J0,range,43,1684,0.5077455192804337,0.5167206972837448,0.2789051793515682,-0.032180033458603076,0.032180033458603076
System_Failure,1d_cnn,Speed_J1,range,43,1684,0.15270240604877472,0.184156134724617,0.10209442349150777,-0.30808468866527866,0.30808468866527866
System_Failure,1d_cnn,Speed_J2,range,43,1684,2.5288877631537616,2.7419676929712296,3.698172476142645,-0.057617629029492856,0.057617629029492856
System_Failure,1d_cnn,Speed_J3,range,43,1684,1.4046902060508728,1.5590860247612,0.5024637579917908,-0.30727752251705615,0.30727752251705615
System_Failure,1d_cnn,Speed_J4,range,43,1684,0.09576483443379402,0.14743825607001781,0.11095762345939875,-0.4657041132025684,0.4657041132025684
System_Failure,1d_cnn,Speed_J5,range,43,1684,1.2558387517929077,1.2971543669700623,0.4480323791503906,-0.09221569042733442,0.09221569042733442
System_Failure,1d_cnn,Tool_current,range,43,1684,0.12789946794509888,0.11232593655586243,0.2939906120300293,0.05297288672485131,0.05297288672485131
System_Failure,1d_cnn,Power_J0,range,43,1684,0.1442116480320692,0.1665274240076542,0.12361874151974916,-0.1805209768457305,0.1805209768457305
System_Failure,1d_cnn,Power_J1,range,43,1684,0.4105484187602997,0.386359304189682,0.24640633002854884,0.09816758590501756,0.09816758590501756
System_Failure,1d_cnn,Power_J2,range,43,1684,2.7819531112909317,3.9524416574276984,4.123475879430771,-0.28385968060963845,0.28385968060963845
System_Failure,1d_cnn,Power_J3,range,43,1684,0.9303900450468063,1.1481473743915558,0.5886972397565842,-0.3698969769839387,0.3698969769839387
System_Failure,1d_cnn,Power_J4,range,43,1684,0.032863170839846134,0.04315875470638314,0.037059475551359355,-0.27781245453052184,0.27781245453052184
System_Failure,1d_cnn,Power_J5,range,43,1684,0.18985601142048836,0.20592142641544342,0.11806533858180046,-0.13607223921883127,0.13607223921883127
System_Failure,1d_cnn,Abs_Current_Sum,range,43,1684,4.208961248397827,5.850653886795044,3.148577630519867,-0.5214077056522041,0.5214077056522041
System_Failure,lstm,Current_J0,mean,41,1686,-0.019497282430529596,-0.062153364438563584,0.23948264707578343,0.17811763202423442,0.17811763202423442
System_Failure,lstm,Current_J1,mean,41,1686,-2.0968947887420653,-2.194246256351471,0.3439926609396933,0.2830044901058883,0.2830044901058883
System_Failure,lstm,Current_J2,mean,41,1686,-1.1135888695716858,-1.208203312754631,0.16490712314844114,0.5737438224410599,0.5737438224410599
System_Failure,lstm,Current_J3,mean,41,1686,-0.6545272439718246,-0.5669927082955837,0.179249573177367,-0.48833887927658115,0.48833887927658115
System_Failure,lstm,Current_J4,mean,41,1686,-0.017979898949852212,-0.007272882136749103,0.19812214668490924,-0.05404250353763531,0.05404250353763531
System_Failure,lstm,Current_J5,mean,41,1686,0.01206075856462121,-0.006652924700756557,0.03941587370354682,0.47477530007647206,0.47477530007647206
System_Failure,lstm,Temperature_J0,mean,41,1686,33.88125,33.88125,5.456250000000001,0.0,0.0
System_Failure,lstm,Temperature_J1,mean,41,1686,36.4125,36.41875,6.528125000000003,-0.0009573958831979195,0.0009573958831979195
System_Failure,lstm,Temperature_J2,mean,41,1686,36.86875,36.8625,6.71875,0.0009302325581397464,0.0009302325581397464
System_Failure,lstm,Temperature_J3,mean,41,1686,39.89375,39.884375000000006,6.435937500000001,0.00145666423889161,0.00145666423889161
System_Failure,lstm,Temperature_J4,mean,41,1686,41.4625,41.45,7.5,0.0016666666666660982,0.0016666666666660982
System_Failure,lstm,Temperature_J5,mean,41,1686,40.5625,40.559375,7.717187500000001,0.0004049402713096134,0.0004049402713096134
System_Failure,lstm,Speed_J0,mean,41,1686,0.00824603042437957,-0.0013113243847278175,0.06609111538982687,0.14460876855739238,0.14460876855739238
System_Failure,lstm,Speed_J1,mean,41,1686,-0.0019113551985356025,0.0007621243072925612,0.017175482752275643,-0.15565673142281514,0.15565673142281514
System_Failure,lstm,Speed_J2,mean,41,1686,0.001538412919944676,0.002503020435779035,0.15150590227840438,-0.006366798265468329,0.006366798265468329
System_Failure,lstm,Speed_J3,mean,41,1686,-0.01492426682380028,-0.0038427198305716337,0.15866843853236787,-0.06984090280164977,0.06984090280164977
System_Failure,lstm,Speed_J4,mean,41,1686,-0.0011226338356209564,-0.002799009717386793,0.01987421609046578,0.08434928321877516,0.08434928321877516
System_Failure,lstm,Speed_J5,mean,41,1686,0.009385719889972685,-0.0015654962022381368,0.09661280642412748,0.11335159900164057,0.11335159900164057
System_Failure,lstm,Tool_current,mean,41,1686,0.1308592975139618,0.1003623515367508,0.035439383983612044,0.860538264189735,0.860538264189735
System_Failure,lstm,Power_J0,mean,41,1686,0.0028466335087784954,0.004326553881520567,0.01810358395238154,-0.08174736983763853,0.08174736983763853
System_Failure,lstm,Power_J1,mean,41,1686,0.0058107091863348614,0.000755537558575356,0.04444623442514058,0.11373678092513721,0.11373678092513721
System_Failure,lstm,Power_J2,mean,41,1686,0.005425822165125283,0.0778615749470191,0.28591763817664095,-0.25334482071072073,0.25334482071072073
System_Failure,lstm,Power_J3,mean,41,1686,0.08593239079636987,0.10359611301820162,0.14837383208741814,-0.11904877007843763,0.11904877007843763
System_Failure,lstm,Power_J4,mean,41,1686,-0.0021362858443353615,-0.001234695978930884,0.007194970805519535,-0.12530834242062996,0.12530834242062996
System_Failure,lstm,Power_J5,mean,41,1686,0.014371143292703437,0.015701266378992815,0.012355551392059285,-0.10765388318842867,0.10765388318842867
System_Failure,lstm,Abs_Current_Sum,mean,41,1686,4.675845718383789,5.0084967613220215,0.7940584719181061,-0.4189251229001939,0.4189251229001939
System_Failure,lstm,Current_J0,range,41,1686,1.3022477626800537,2.2523152232170105,3.0956488251686096,-0.3069041464951083,0.3069041464951083
System_Failure,lstm,Current_J1,range,41,1686,2.3053330183029175,2.180097281932831,1.6292001008987427,0.07686946268969712,0.07686946268969712
System_Failure,lstm,Current_J2,range,41,1686,1.597840428352356,1.5527416467666626,1.3300347924232483,0.03390797131218344,0.03390797131218344
System_Failure,lstm,Current_J3,range,41,1686,1.3680324852466583,1.5743494480848312,1.1416658088564873,-0.18071572367120606,0.18071572367120606
System_Failure,lstm,Current_J4,range,41,1686,1.4368886649608612,1.8758947551250458,1.584546998143196,-0.2770546349705125,0.2770546349705125
System_Failure,lstm,Current_J5,range,41,1686,0.40567146241664886,0.43311093747615814,0.081759512424469,-0.3356120192724778,0.3356120192724778
System_Failure,lstm,Temperature_J0,range,41,1686,0.0625,0.0625,0.0,,
System_Failure,lstm,Temperature_J1,range,41,1686,0.0625,0.0625,0.0,,
System_Failure,lstm,Temperature_J2,range,41,1686,0.0625,0.0625,0.0,,
System_Failure,lstm,Temperature_J3,range,41,1686,0.0625,0.0625,0.0,,
System_Failure,lstm,Temperature_J4,range,41,1686,0.0625,0.0625,0.0625,0.0,0.0
System_Failure,lstm,Temperature_J5,range,41,1686,0.0625,0.0625,0.0,,
System_Failure,lstm,Speed_J0,range,41,1686,0.4092029482126236,0.5178442001342773,0.2804700583219528,-0.38735418879167477,0.38735418879167477
System_Failure,lstm,Speed_J1,range,41,1686,0.11138741858303547,0.184156134724617,0.10237153246998787,-0.7108296064915806,0.7108296064915806
System_Failure,lstm,Speed_J2,range,41,1686,0.10700054094195366,2.7462300956249237,3.672121226787567,-0.7187207043793084,0.7187207043793084
System_Failure,lstm,Speed_J3,range,41,1686,1.3634364306926727,1.5590860247612,0.5062004774808884,-0.3865061428669118,0.3865061428669118
System_Failure,lstm,Speed_J4,range,41,1686,0.09095060639083385,0.14749989565461874,0.11187792625423754,-0.5054552864635619,0.5054552864635619
System_Failure,lstm,Speed_J5,range,41,1686,1.3419829607009888,1.295613408088684,0.43348032236099243,0.10697037494054734,0.10697037494054734
System_Failure,lstm,Tool_current,range,41,1686,0.3983815908432007,0.11211532354354858,0.29305732250213623,0.9768268707824742,0.9768268707824742
System_Failure,lstm,Power_J0,range,41,1686,0.1458877231925726,0.1665274240076542,0.12689172849059105,-0.16265599862651425,0.16265599862651425
System_Failure,lstm,Power_J1,range,41,1686,0.3036573529243469,0.3868548721075058,0.2474117986857891,-0.33627142935417975,0.33627142935417975
System_Failure,lstm,Power_J2,range,41,1686,0.19507057778537273,3.97871994972229,4.094750300515443,-0.9240244445334397,0.9240244445334397
System_Failure,lstm,Power_J3,range,41,1686,0.945411890745163,1.1483523547649384,0.587400272488594,-0.34548922348978994,0.34548922348978994
System_Failure,lstm,Power_J4,range,41,1686,0.02688371087424457,0.043556077405810356,0.036046069115400314,-0.46252939476395466,0.46252939476395466
System_Failure,lstm,Power_J5,range,41,1686,0.19978314265608788,0.20558661222457886,0.11834242194890976,-0.04903963830482047,0.04903963830482047
System_Failure,lstm,Abs_Current_Sum,range,41,1686,4.9412994384765625,5.830825686454773,3.186116933822632,-0.27918819881823254,0.27918819881823254
ProtectiveStop,rf_window_features,Current_J0,mean,14,2128,-0.10608350597321986,-0.05598500669002533,0.23188989635091276,-0.2160443385915435,0.2160443385915435
ProtectiveStop,rf_window_features,Current_J1,mean,14,2128,-2.279277819395065,-2.1377583920955656,0.3435605984181167,-0.41191984165561657,0.41191984165561657
ProtectiveStop,rf_window_features,Current_J2,mean,14,2128,-1.2180284410715103,-1.182582603394985,0.1759915314614775,-0.2014064959954274,0.2014064959954274
ProtectiveStop,rf_window_features,Current_J3,mean,14,2128,-0.7033352933824062,-0.5661700704135001,0.14965050732716922,-0.9165703840150202,0.9165703840150202
ProtectiveStop,rf_window_features,Current_J4,mean,14,2128,0.08866825071163476,-0.013883241720031947,0.15790520218433812,0.6494497395465689,0.6494497395465689
ProtectiveStop,rf_window_features,Current_J5,mean,14,2128,0.049360190704464915,-0.006278431331156752,0.04023306767339818,1.3829077734584363,1.3829077734584363
ProtectiveStop,rf_window_features,Temperature_J0,mean,14,2128,33.7,33.85,5.596874999999997,-0.02680067001675018,0.02680067001675018
ProtectiveStop,rf_window_features,Temperature_J1,mean,14,2128,36.215625,36.36875,6.685937500000001,-0.022902547324140512,0.022902547324140512
ProtectiveStop,rf_window_features,Temperature_J2,mean,14,2128,36.6125,36.8125,6.868749999999999,-0.029117379435851194,0.029117379435851194
ProtectiveStop,rf_window_features,Temperature_J3,mean,14,2128,39.68125,39.85,6.560937500000001,-0.02572040962133884,0.02572040962133884
ProtectiveStop,rf_window_features,Temperature_J4,mean,14,2128,41.2375,41.415625000000006,7.626562500000006,-0.02335586969883331,0.02335586969883331
ProtectiveStop,rf_window_features,Temperature_J5,mean,14,2128,40.353125000000006,40.525,7.862500000000004,-0.02186009538950624,0.02186009538950624
ProtectiveStop,rf_window_features,Speed_J0,mean,14,2128,-0.00014200378709574576,-0.0009359689640405123,0.06933745085309889,0.011450740792690707,0.011450740792690707
ProtectiveStop,rf_window_features,Speed_J1,mean,14,2128,-0.0014955388011003378,0.0002794231739244424,0.01620669002340941,-0.10952032601727892,0.10952032601727892
ProtectiveStop,rf_window_features,Speed_J2,mean,14,2128,-0.002505211315292399,0.0023987104083062153,0.14082815750971603,-0.034822025724935604,0.034822025724935604
ProtectiveStop,rf_window_features,Speed_J3,mean,14,2128,0.007147068688209402,-0.00025167967542074623,0.1463271540484461,0.050563057907765815,0.050563057907765815
ProtectiveStop,rf_window_features,Speed_J4,mean,14,2128,0.0003800380105531076,-0.0025160917915090296,0.019563944594483476,0.14803404232082984,0.14803404232082984
ProtectiveStop,rf_window_features,Speed_J5,mean,14,2128,0.009355164589827332,-0.0021820977490278892,0.096572984759313,0.11946676772608116,0.11946676772608116
ProtectiveStop,rf_window_features,Tool_current,mean,14,2128,0.09445027112960816,0.09784111976623536,0.03206818401813505,-0.10573871706329303,0.10573871706329303
ProtectiveStop,rf_window_features,Power_J0,mean,14,2128,0.0051483956292486255,0.003906933379170141,0.01704821699576655,0.07282065041680118,0.07282065041680118
ProtectiveStop,rf_window_features,Power_J1,mean,14,2128,0.003045709221623838,0.0014619941939599506,0.03980730472394502,0.03978453298073321,0.03978453298073321
ProtectiveStop,rf_window_features,Power_J2,mean,14,2128,0.005014760502672289,0.0807880462234607,0.2673745175365184,-0.2833975594193982,0.2833975594193982
ProtectiveStop,rf_window_features,Power_J3,mean,14,2128,0.02899896274138882,0.09407694306658602,0.1436013527578325,-0.45318500888319546,0.45318500888319546
ProtectiveStop,rf_window_features,Power_J4,mean,14,2128,-7.40768751157361e-06,-0.0011960145668124637,0.006033263892988517,0.1970089325418394,0.1970089325418394
ProtectiveStop,rf_window_features,Power_J5,mean,14,2128,0.012871287164216483,0.015596884340720863,0.013007362936338042,-0.2095426405678288,0.2095426405678288
ProtectiveStop,rf_window_features,Abs_Current_Sum,mean,14,2128,4.869838285446168,4.856186270713806,0.876483452320099,0.015575895581626703,0.015575895581626703
ProtectiveStop,rf_window_features,Current_J0,range,14,2128,0.9101303666830063,2.086002230644226,2.811243414878845,-0.41827465303707817,0.41827465303707817
ProtectiveStop,rf_window_features,Current_J1,range,14,2128,2.5371167063713074,1.8951013088226318,1.6537888050079346,0.3882088182025124,0.3882088182025124
ProtectiveStop,rf_window_features,Current_J2,range,14,2128,1.1741596460342407,1.4432711005210876,0.9854336827993393,-0.2730893607395042,0.2730893607395042
ProtectiveStop,rf_window_features,Current_J3,range,14,2128,1.1887610703706741,1.3628870248794556,1.1322734355926514,-0.1537843678348251,0.1537843678348251
ProtectiveStop,rf_window_features,Current_J4,range,14,2128,1.0267758220434189,1.493175983428955,1.7538291364908218,-0.26593249689005666,0.26593249689005666
ProtectiveStop,rf_window_features,Current_J5,range,14,2128,0.424016535282135,0.432022862136364,0.08290379121899605,-0.09657371196788471,0.09657371196788471
ProtectiveStop,rf_window_features,Temperature_J0,range,14,2128,0.0625,0.0625,0.0,,
ProtectiveStop,rf_window_features,Temperature_J1,range,14,2128,0.0625,0.0625,0.0,,
ProtectiveStop,rf_window_features,Temperature_J2,range,14,2128,0.0625,0.0625,0.0,,
ProtectiveStop,rf_window_features,Temperature_J3,range,14,2128,0.0625,0.0625,0.0,,
ProtectiveStop,rf_window_features,Temperature_J4,range,14,2128,0.0625,0.0625,0.0625,0.0,0.0
ProtectiveStop,rf_window_features,Temperature_J5,range,14,2128,0.0625,0.0625,0.0,,
ProtectiveStop,rf_window_features,Speed_J0,range,14,2128,0.29610463976860046,0.5114690437912941,0.2793355733156204,-0.7709881039009451,0.7709881039009451
ProtectiveStop,rf_window_features,Speed_J1,range,14,2128,0.07868780428543687,0.17656578309834003,0.10638362984173,-0.920047369680082,0.920047369680082
ProtectiveStop,rf_window_features,Speed_J2,range,14,2128,0.06325366254895926,2.719276351854205,3.754742346704006,-0.7073781484997925,0.7073781484997925
ProtectiveStop,rf_window_features,Speed_J3,range,14,2128,0.9442895501852036,1.5378733277320862,0.5636762529611588,-1.0530579821814574,1.0530579821814574
ProtectiveStop,rf_window_features,Speed_J4,range,14,2128,0.048468343331478536,0.1458241455256939,0.1172454240731895,-0.8303590776680699,0.8303590776680699
ProtectiveStop,rf_window_features,Speed_J5,range,14,2128,0.7215487360954285,1.2736358046531677,0.48589862883090973,-1.1362186180399014,1.1362186180399014
ProtectiveStop,rf_window_features,Tool_current,range,14,2128,0.10239511728286743,0.108889639377594,0.2587661147117615,-0.025098039215686273,0.025098039215686273
ProtectiveStop,rf_window_features,Power_J0,range,14,2128,0.07778454758226871,0.1613685078918934,0.13021785765886307,-0.6418778638533044,0.6418778638533044
ProtectiveStop,rf_window_features,Power_J1,range,14,2128,0.20211991667747498,0.3656459115445614,0.25108623411506414,-0.6512742343021007,0.6512742343021007
ProtectiveStop,rf_window_features,Power_J2,range,14,2128,0.09557805396616459,3.8214315650984645,4.050514617934823,-0.91984694849267,0.91984694849267
ProtectiveStop,rf_window_features,Power_J3,range,14,2128,0.5207928270101547,1.0897136591374874,0.7148721218109131,-0.7958358072296108,0.7958358072296108
ProtectiveStop,rf_window_features,Power_J4,range,14,2128,0.010441410820931196,0.039011120330542326,0.03504831396276131,-0.8151521793592219,0.8151521793592219
ProtectiveStop,rf_window_features,Power_J5,range,14,2128,0.091825743438676,0.20059826970100403,0.12460881099104881,-0.8729119987361217,0.8729119987361217
ProtectiveStop,rf_window_features,Abs_Current_Sum,range,14,2128,4.369079351425171,5.419931888580322,3.592755436897278,-0.2924920873719902,0.2924920873719902
ProtectiveStop,1d_cnn,Current_J0,mean,46,2096,-0.05831437800079584,-0.05621872427873313,0.23188989635091276,-0.009037279135661066,0.009037279135661066
ProtectiveStop,1d_cnn,Current_J1,mean,46,2096,-2.3972067654132845,-2.132776227593422,0.33809751942753796,-0.7821132147541114,0.7821132147541114
ProtectiveStop,1d_cnn,Current_J2,mean,46,2096,-1.359018924832344,-1.1812246143817902,0.1722928091883662,-1.0319311135972773,1.0319311135972773
ProtectiveStop,1d_cnn,Current_J3,mean,46,2096,-0.6973520003259182,-0.5644439548254013,0.1456228602677584,-0.9126866843305873,0.9126866843305873
ProtectiveStop,1d_cnn,Current_J4,mean,46,2096,0.02520679992157966,-0.013917184330057352,0.15582583873765543,0.25107507566511605,0.25107507566511605
ProtectiveStop,1d_cnn,Current_J5,mean,46,2096,-0.0008172142319381237,-0.006278431331156752,0.04003377580665983,0.13641523911192324,0.13641523911192324
ProtectiveStop,1d_cnn,Temperature_J0,mean,46,2096,36.121875,33.74375,5.614062499999999,0.42360144725855914,0.42360144725855914
ProtectiveStop,1d_cnn,Temperature_J1,mean,46,2096,39.3625,36.25,6.682812500000004,0.46574701893850756,0.46574701893850756
ProtectiveStop,1d_cnn,Temperature_J2,mean,46,2096,39.984375,36.675,6.881249999999994,0.480926430517712,0.480926430517712
ProtectiveStop,1d_cnn,Temperature_J3,mean,46,2096,42.984375,39.7375,6.589062499999997,0.4927673701683668,0.4927673701683668
ProtectiveStop,1d_cnn,Temperature_J4,mean,46,2096,45.125,41.2625,7.662500000000001,0.5040783034257744,0.5040783034257744
ProtectiveStop,1d_cnn,Temperature_J5,mean,46,2096,44.459374999999994,40.38125,7.907812499999999,0.5157083580320087,0.5157083580320087
ProtectiveStop,1d_cnn,Speed_J0,mean,46,2096,0.009266109418274483,-0.0014240614549584682,0.0691562929468546,0.15457987144348756,0.15457987144348756
ProtectiveStop,1d_cnn,Speed_J1,mean,46,2096,0.0024386904551647604,0.00025769289350137116,0.016249721856001997,0.13421753190549632,0.13421753190549632
ProtectiveStop,1d_cnn,Speed_J2,mean,46,2096,-0.010384979361424485,0.0024981015093544557,0.1440110897258421,-0.08945894996909487,0.08945894996909487
ProtectiveStop,1d_cnn,Speed_J3,mean,46,2096,0.019517238908156286,-0.00040844999875844223,0.1478635314528219,0.1347572908014328,0.1347572908014328
ProtectiveStop,1d_cnn,Speed_J4,mean,46,2096,-0.00014421252682115133,-0.0027597378939390182,0.019837641136973096,0.13184659149031033,0.13184659149031033
ProtectiveStop,1d_cnn,Speed_J5,mean,46,2096,-0.038547920517639514,-0.001569183401079499,0.09676688458380386,-0.38214247855148215,0.38214247855148215
ProtectiveStop,1d_cnn,Tool_current,mean,46,2096,0.10936660468578338,0.09766307771205902,0.030990873277187345,0.3776443106022258,0.3776443106022258
ProtectiveStop,1d_cnn,Power_J0,mean,46,2096,0.003834177671259908,0.003906933379170141,0.016946871995310177,-0.004293164421750934,0.004293164421750934
ProtectiveStop,1d_cnn,Power_J1,mean,46,2096,-0.0003860982018626005,0.0015220217319438234,0.03975344601803954,-0.04799885607251624,0.04799885607251624
ProtectiveStop,1d_cnn,Power_J2,mean,46,2096,0.1326338813864273,0.07986403194299782,0.26986217159137593,0.195543707116288,0.195543707116288
ProtectiveStop,1d_cnn,Power_J3,mean,46,2096,0.0755442076354825,0.09376123807487602,0.1439839232727536,-0.12652128116334474,0.12652128116334474
ProtectiveStop,1d_cnn,Power_J4,mean,46,2096,-0.00012777250440905165,-0.0011979913313551968,0.006060107850172641,0.1766006238512169,0.1766006238512169
ProtectiveStop,1d_cnn,Power_J5,mean,46,2096,0.01738846884861687,0.015496035810895138,0.012801787135407493,0.14782569165578405,0.14782569165578405
ProtectiveStop,1d_cnn,Abs_Current_Sum,mean,46,2096,5.247688794136048,4.845910060405732,0.8746303737163537,0.45936974727179364,0.45936974727179364
ProtectiveStop,1d_cnn,Current_J0,range,46,2096,1.2686864733695984,2.086002230644226,2.7678835839033127,-0.29528545276533497,0.29528545276533497
ProtectiveStop,1d_cnn,Current_J1,range,46,2096,2.5938841104507446,1.8475357294082642,1.649898886680603,0.45236007313396226,0.45236007313396226
ProtectiveStop,1d_cnn,Current_J2,range,46,2096,1.2265525162220001,1.4472829103469849,1.0074255466461182,-0.21910343137498522,0.21910343137498522
ProtectiveStop,1d_cnn,Current_J3,range,46,2096,1.865299053490162,1.3487928211688995,1.1344400607049465,0.4552961855034482,0.4552961855034482
ProtectiveStop,1d_cnn,Current_J4,range,46,2096,1.3007609993219376,1.5043345391750336,1.745427519083023,-0.11663247979500478,0.11663247979500478
ProtectiveStop,1d_cnn,Current_J5,range,46,2096,0.40783634781837463,0.4321044087409973,0.082184549421072,-0.29528738787975134,0.29528738787975134
ProtectiveStop,1d_cnn,Temperature_J0,range,46,2096,0.0625,0.0625,0.0,,
ProtectiveStop,1d_cnn,Temperature_J1,range,46,2096,0.0625,0.0625,0.0,,
ProtectiveStop,1d_cnn,Temperature_J2,range,46,2096,0.0625,0.0625,0.0,,
ProtectiveStop,1d_cnn,Temperature_J3,range,46,2096,0.0625,0.0625,0.0,,
ProtectiveStop,1d_cnn,Temperature_J4,range,46,2096,0.0625,0.0625,0.0625,0.0,0.0
ProtectiveStop,1d_cnn,Temperature_J5,range,46,2096,0.0625,0.0625,0.0,,
ProtectiveStop,1d_cnn,Speed_J0,range,46,2096,0.4676479920744896,0.5127792097628117,0.27896761521697044,-0.1617794153390196,0.1617794153390196
ProtectiveStop,1d_cnn,Speed_J1,range,46,2096,0.10990678163943812,0.17795353662222624,0.10602747835218906,-0.6417841491689423,0.6417841491689423
ProtectiveStop,1d_cnn,Speed_J2,range,46,2096,0.9383915801881813,2.7369793504476547,3.676790209952742,-0.4891733461949658,0.4891733461949658
ProtectiveStop,1d_cnn,Speed_J3,range,46,2096,1.080975890159607,1.5451438426971436,0.5396029502153397,-0.860202770115139,0.860202770115139
ProtectiveStop,1d_cnn,Speed_J4,range,46,2096,0.042268067598342896,0.14736065920442343,0.11521263653412461,-0.9121620229127675,0.9121620229127675
ProtectiveStop,1d_cnn,Speed_J5,range,46,2096,0.984492152929306,1.2782500684261322,0.486841082572937,-0.6033959047669653,0.6033959047669653
ProtectiveStop,1d_cnn,Tool_current,range,46,2096,0.1717768907546997,0.10880351066589355,0.21529531478881836,0.2924976799916723,0.2924976799916723
ProtectiveStop,1d_cnn,Power_J0,range,46,2096,0.1491944119334221,0.1618150994181633,0.13038683428158038,-0.09679418596425056,0.09679418596425056
ProtectiveStop,1d_cnn,Power_J1,range,46,2096,0.35812271013855934,0.3655327409505844,0.2509949319064617,-0.029522631217058067,0.029522631217058067
ProtectiveStop,1d_cnn,Power_J2,range,46,2096,1.6719783690350596,3.8221789598464966,4.038515651598573,-0.5324234883082153,0.5324234883082153
ProtectiveStop,1d_cnn,Power_J3,range,46,2096,0.9246297404170036,1.0926492512226105,0.7189887464046478,-0.23368865179851542,0.23368865179851542
ProtectiveStop,1d_cnn,Power_J4,range,46,2096,0.0211119467530807,0.03930998966097832,0.034885075143392896,-0.5216569788970129,0.5216569788970129
ProtectiveStop,1d_cnn,Power_J5,range,46,2096,0.12476613372564316,0.20262540131807327,0.12235940620303154,-0.6363161607963173,0.6363161607963173
ProtectiveStop,1d_cnn,Abs_Current_Sum,range,46,2096,5.671061038970947,5.416208267211914,3.625670909881592,0.07029120350234883,0.07029120350234883
ProtectiveStop,lstm,Current_J0,mean,50,2092,-0.016186635196208957,-0.05658507458865643,0.2313587544951588,0.17461383503987013,0.17461383503987013
ProtectiveStop,lstm,Current_J1,mean,50,2092,-2.405933141708374,-2.1325766876339913,0.33791374489665027,-0.8089533444636524,0.8089533444636524
ProtectiveStop,lstm,Current_J2,mean,50,2092,-1.3398066192865372,-1.1805934816598893,0.17277663871645932,-0.9214969038026591,0.9214969038026591
ProtectiveStop,lstm,Current_J3,mean,50,2092,-0.7284775242209435,-0.564985379576683,0.14485847069881852,-1.128633650870055,1.128633650870055
ProtectiveStop,lstm,Current_J4,mean,50,2092,0.022663894764264114,-0.013883241720031947,0.15550245891790837,0.23502610015697398,0.23502610015697398
ProtectiveStop,lstm,Current_J5,mean,50,2092,0.009170148335397244,-0.006377663044258952,0.040201663330662996,0.38674547497634065,0.38674547497634065
ProtectiveStop,lstm,Temperature_J0,mean,50,2092,36.103125,33.787499999999994,5.614062500000003,0.4124686891177295,0.4124686891177295
ProtectiveStop,lstm,Temperature_J1,mean,50,2092,39.34375,36.30625,6.689062499999999,0.4540995094604068,0.4540995094604068
ProtectiveStop,lstm,Temperature_J2,mean,50,2092,39.959374999999994,36.7375,6.878124999999997,0.4684234438891411,0.4684234438891411
ProtectiveStop,lstm,Temperature_J3,mean,50,2092,42.94375,39.790625,6.59375,0.47819905213270186,0.47819905213270186
ProtectiveStop,lstm,Temperature_J4,mean,50,2092,45.05,41.321875000000006,7.662500000000001,0.4865415986949417,0.4865415986949417
ProtectiveStop,lstm,Temperature_J5,mean,50,2092,44.375,40.440625,7.9140625,0.4971372161895364,0.4971372161895364
ProtectiveStop,lstm,Speed_J0,mean,50,2092,0.008662273480240401,-0.0014240614549584682,0.06862983682976846,0.14696719970670077,0.14696719970670077
ProtectiveStop,lstm,Speed_J1,mean,50,2092,0.00240782139735522,0.0002678310373573578,0.016249721856001997,0.13169396860829563,0.13169396860829563
ProtectiveStop,lstm,Speed_J2,mean,50,2092,-0.021063644604146246,0.0025076712314330506,0.1437845794552743,-0.16393493603332757,0.16393493603332757
ProtectiveStop,lstm,Speed_J3,mean,50,2092,0.005223380360439478,-0.000359692591791827,0.1483777158817221,0.03762743562302711,0.03762743562302711
ProtectiveStop,lstm,Speed_J4,mean,50,2092,0.0003083285038883332,-0.0028244482580703336,0.01978547552926102,0.15833719828090856,0.15833719828090856
ProtectiveStop,lstm,Speed_J5,mean,50,2092,-0.034847412719972624,-0.001597400635273516,0.09702985133949535,-0.342678171981955,0.342678171981955
ProtectiveStop,lstm,Tool_current,mean,50,2092,0.10521191954612732,0.09764153063297272,0.03157763928174971,0.23973891289365348,0.23973891289365348
ProtectiveStop,lstm,Power_J0,mean,50,2092,0.009093830853650786,0.003855896718914666,0.01712425114665166,0.3058781426340097,0.3058781426340097
ProtectiveStop,lstm,Power_J1,mean,50,2092,-0.0012764402083224327,0.0015019401907920837,0.039711966414506604,-0.06996330451416745,0.06996330451416745
ProtectiveStop,lstm,Power_J2,mean,50,2092,0.1262740694670356,0.07986403194299782,0.26986217159137593,0.17197681783392613,0.17197681783392613
ProtectiveStop,lstm,Power_J3,mean,50,2092,0.08477531246389844,0.09337034964337362,0.14416491201591272,-0.059619480630116684,0.059619480630116684
ProtectiveStop,lstm,Power_J4,mean,50,2092,-0.0001317256227665098,-0.0011960145668124637,0.006022354120754214,0.17672307584474406,0.17672307584474406
ProtectiveStop,lstm,Power_J5,mean,50,2092,0.01964089505436277,0.01542885518490138,0.012899574170751292,0.32652549717585544,0.32652549717585544
ProtectiveStop,lstm,Abs_Current_Sum,mean,50,2092,5.273696231842041,4.844521832466126,0.8738565027713765,0.4911268589463118,0.4911268589463118
ProtectiveStop,lstm,Current_J0,range,50,2092,1.2279994189739227,2.107421875,2.797217071056366,-0.31439192371794167,0.31439192371794167
ProtectiveStop,lstm,Current_J1,range,50,2092,2.931742787361145,1.847282350063324,1.5934786526486278,0.6805616350713369,0.6805616350713369
ProtectiveStop,lstm,Current_J2,range,50,2092,1.294491171836853,1.4472829103469849,1.00992002338171,-0.15129092895743346,0.15129092895743346
ProtectiveStop,lstm,Current_J3,range,50,2092,1.7869554008357227,1.3487928211688995,1.131104708649218,0.3873757896296651,0.3873757896296651
ProtectiveStop,lstm,Current_J4,range,50,2092,1.3007609993219376,1.5068157315254211,1.7524601519107819,-0.11758026679169471,0.11758026679169471
ProtectiveStop,lstm,Current_J5,range,50,2092,0.40858959406614304,0.43254879117012024,0.08248037099838257,-0.29048362433344344,0.29048362433344344
ProtectiveStop,lstm,Temperature_J0,range,50,2092,0.0625,0.0625,0.0,,
ProtectiveStop,lstm,Temperature_J1,range,50,2092,0.0625,0.0625,0.0,,
ProtectiveStop,lstm,Temperature_J2,range,50,2092,0.0625,0.0625,0.0,,
ProtectiveStop,lstm,Temperature_J3,range,50,2092,0.0625,0.0625,0.0,,
ProtectiveStop,lstm,Temperature_J4,range,50,2092,0.0625,0.0625,0.0625,0.0,0.0
ProtectiveStop,lstm,Temperature_J5,range,50,2092,0.0625,0.0625,0.0,,
ProtectiveStop,lstm,Speed_J0,range,50,2092,0.4837460033595562,0.5114690437912941,0.27893172204494476,-0.09939005943279136,0.09939005943279136
ProtectiveStop,lstm,Speed_J1,range,50,2092,0.10961318685440347,0.17821837216615677,0.10532383504323661,-0.6513737871735311,0.6513737871735311
ProtectiveStop,lstm,Speed_J2,range,50,2092,0.9434370030357968,2.7369793504476547,3.676790209952742,-0.48780111047861785,0.48780111047861785
ProtectiveStop,lstm,Speed_J3,range,50,2092,1.0913033336400986,1.545924499630928,0.534706324338913,-0.8502259002694662,0.8502259002694662
ProtectiveStop,lstm,Speed_J4,range,50,2092,0.04429744370281696,0.14743825607001781,0.11536912387236953,-0.8940070697017982,0.8940070697017982
ProtectiveStop,lstm,Speed_J5,range,50,2092,1.0063012391328812,1.278347685933113,0.486841082572937,-0.5587992807888698,0.5587992807888698
ProtectiveStop,lstm,Tool_current,range,50,2092,0.12060078978538513,0.10880351066589355,0.22736796736717224,0.05188628484521909,0.05188628484521909
ProtectiveStop,lstm,Power_J0,range,50,2092,0.15526464534923434,0.1613685078918934,0.13075060683149786,-0.046683244464978055,0.046683244464978055
ProtectiveStop,lstm,Power_J1,range,50,2092,0.41673530265688896,0.36482687294483185,0.2518141893669963,0.2061378266353581,0.2061378266353581
ProtectiveStop,lstm,Power_J2,range,50,2092,1.6751804294326575,3.8221789598464966,4.038515651598573,-0.5316306077863011,0.5316306077863011
ProtectiveStop,lstm,Power_J3,range,50,2092,0.9349814653396606,1.0926492512226105,0.719501219689846,-0.21913484170452882,0.21913484170452882
ProtectiveStop,lstm,Power_J4,range,50,2092,0.025474208494415507,0.03930998966097832,0.03512561626484967,-0.3938943323368344,0.3938943323368344
ProtectiveStop,lstm,Power_J5,range,50,2092,0.12186858803033829,0.2034212425351143,0.12306110467761755,-0.6627004910968336,0.6627004910968336
ProtectiveStop,lstm,Abs_Current_Sum,range,50,2092,6.000821232795715,5.391274690628052,3.6286303400993347,0.16798254025263348,0.16798254025263348
GripLost,rf_window_features,Current_J0,mean,9,3199,-0.04377511814236641,-0.04556260220706463,0.21004539547720924,0.008509989284160085,0.008509989284160085
GripLost,rf_window_features,Current_J1,mean,9,3199,-2.01193972826004,-2.2218616724014284,0.3978337287902831,0.527662510616459,0.527662510616459
GripLost,rf_window_features,Current_J2,mean,9,3199,-1.1023011654615402,-1.2034068822860717,0.2224087879061698,0.45459407326650314,0.45459407326650314
GripLost,rf_window_features,Current_J3,mean,9,3199,-0.5236256293952465,-0.5811868786811829,0.21072615925222649,0.27315663840785465,0.27315663840785465
GripLost,rf_window_features,Current_J4,mean,9,3199,-0.07997513066511601,-0.014919612882658839,0.16801163591444493,-0.38720840630100656,0.38720840630100656
GripLost,rf_window_features,Current_J5,mean,9,3199,-0.021366754872724415,-0.003600272769108415,0.04331645046331687,-0.4101555393755495,0.4101555393755495
GripLost,rf_window_features,Temperature_J0,mean,9,3199,36.84375,36.29375,4.709375000000001,0.11678832116788257,0.11678832116788257
GripLost,rf_window_features,Temperature_J1,mean,9,3199,39.875,39.49375,5.309375000000003,0.07180694526191901,0.07180694526191901
GripLost,rf_window_features,Temperature_J2,mean,9,3199,40.33125,40.0375,5.278124999999996,0.05565423327412594,0.05565423327412594
GripLost,rf_window_features,Temperature_J3,mean,9,3199,43.11875,43.0125,4.759375000000006,0.02232435981615141,0.02232435981615141
GripLost,rf_window_features,Temperature_J4,mean,9,3199,45.1875,45.0625,5.553124999999994,0.022509848058525628,0.022509848058525628
GripLost,rf_window_features,Temperature_J5,mean,9,3199,44.46875,44.375,5.790625000000006,0.016189962223421464,0.016189962223421464
GripLost,rf_window_features,Speed_J0,mean,9,3199,-0.025054148843264557,-2.176999987568706e-06,0.043507163839240096,-0.5758125704503415,0.5758125704503415
GripLost,rf_window_features,Speed_J1,mean,9,3199,-0.0066983412705667435,0.0,0.013811063806861238,-0.48499821333379517,0.48499821333379517
GripLost,rf_window_features,Speed_J2,mean,9,3199,-0.0017601314000785374,0.0004756676033139229,0.10253611020816607,-0.02180499142061661,0.02180499142061661
GripLost,rf_window_features,Speed_J3,mean,9,3199,0.02214079515360936,-0.0002315123964990562,0.11167287385862838,0.20033788669601632,0.20033788669601632
GripLost,rf_window_features,Speed_J4,mean,9,3199,-0.0012086927192285657,-0.00043529439717531203,0.013678648002860427,-0.056540552976545894,0.056540552976545894
GripLost,rf_window_features,Speed_J5,mean,9,3199,-0.02956584993571565,0.0004993451043688923,0.07715159291062117,-0.38968988073797217,0.38968988073797217
GripLost,rf_window_features,Tool_current,mean,9,3199,0.10020440816879272,0.09577454328536987,0.02934834659099579,0.15094086713498053,0.15094086713498053
GripLost,rf_window_features,Power_J0,mean,9,3199,0.007039659097790718,0.002536567224069586,0.012998834835171636,0.34642273179261257,0.34642273179261257
GripLost,rf_window_features,Power_J1,mean,9,3199,0.016905870148912074,3.506996125793331e-13,0.03404500484466552,0.49657417367676887,0.49657417367676887
GripLost,rf_window_features,Power_J2,mean,9,3199,0.008103663417568897,0.006301435901329198,0.23021052850799606,0.00782860596307219,0.00782860596307219
GripLost,rf_window_features,Power_J3,mean,9,3199,0.07758901897832401,0.06916283161845058,0.14705679927664617,0.05729886276133297,0.05729886276133297
GripLost,rf_window_features,Power_J4,mean,9,3199,-0.001972272182524648,-0.0002829061704687774,0.005129713181164731,-0.32932952630936185,0.32932952630936185
GripLost,rf_window_features,Power_J5,mean,9,3199,0.010582490584488369,0.01202310062944889,0.016628489580264187,-0.08663505112757414,0.08663505112757414
GripLost,rf_window_features,Abs_Current_Sum,mean,9,3199,4.2067649364471436,4.952998232841492,1.0086724638938902,-0.7398172579368144,0.7398172579368144
GripLost,rf_window_features,Current_J0,range,9,3199,1.0214762091636658,1.7033239603042603,2.6278081238269806,-0.25947394901405235,0.25947394901405235
GripLost,rf_window_features,Current_J1,range,9,3199,1.2464280128479004,2.1155625581741333,1.7388681769371033,-0.49982773671616304,0.49982773671616304
GripLost,rf_window_features,Current_J2,range,9,3199,1.3010861575603485,1.485095739364624,1.277086317539215,-0.14408546961715074,0.14408546961715074
GripLost,rf_window_features,Current_J3,range,9,3199,0.7995890937745571,1.4071994423866272,1.2103820759803057,-0.5019987991146992,0.5019987991146992
GripLost,rf_window_features,Current_J4,range,9,3199,0.7783950865268707,1.4910783171653748,1.9464169815182686,-0.3661513629430976,0.3661513629430976
GripLost,rf_window_features,Current_J5,range,9,3199,0.4048900753259659,0.40607011318206787,0.10930101573467255,-0.010796220402622089,0.010796220402622089
GripLost,rf_window_features,Temperature_J0,range,9,3199,0.0625,0.0625,0.0,,
GripLost,rf_window_features,Temperature_J1,range,9,3199,0.0,0.0625,0.0625,-1.0,1.0
GripLost,rf_window_features,Temperature_J2,range,9,3199,0.0625,0.0625,0.0,,
GripLost,rf_window_features,Temperature_J3,range,9,3199,0.0625,0.0625,0.0,,
GripLost,rf_window_features,Temperature_J4,range,9,3199,0.0625,0.0625,0.0625,0.0,0.0
GripLost,rf_window_features,Temperature_J5,range,9,3199,0.0625,0.0625,0.0,,
GripLost,rf_window_features,Speed_J0,range,9,3199,0.28369705379009247,0.4264254719018936,0.3449242115020752,-0.4137964612291139,0.4137964612291139
GripLost,rf_window_features,Speed_J1,range,9,3199,0.08568701148033142,0.15372106060385704,0.1307668797671795,-0.5202697291902589,0.5202697291902589
GripLost,rf_window_features,Speed_J2,range,9,3199,0.07799326255917549,2.5327795147895813,4.723194804042578,-0.519730045885331,0.519730045885331
GripLost,rf_window_features,Speed_J3,range,9,3199,1.2808420658111572,1.3858025670051575,0.7665902078151703,-0.13691865630940447,0.13691865630940447
GripLost,rf_window_features,Speed_J4,range,9,3199,0.11553813144564629,0.11865249648690224,0.1572927115485072,-0.019799805156868425,0.019799805156868425
GripLost,rf_window_features,Speed_J5,range,9,3199,1.0581468343734741,1.2055325508117676,0.6057852059602737,-0.24329698874811864,0.24329698874811864
GripLost,rf_window_features,Tool_current,range,9,3199,0.14741647243499756,0.10285931825637817,0.2023734450340271,0.220172929166312,0.220172929166312
GripLost,rf_window_features,Power_J0,range,9,3199,0.10031208395957947,0.1378948986530304,0.13638478890061378,-0.27556456256157896,0.27556456256157896
GripLost,rf_window_features,Power_J1,range,9,3199,0.18302028253674507,0.35678643733263016,0.3132222620770335,-0.5547694906601155,0.5547694906601155
GripLost,rf_window_features,Power_J2,range,9,3199,0.0740168821066618,2.168171226978302,4.8883467596024275,-0.4283972573668156,0.4283972573668156
GripLost,rf_window_features,Power_J3,range,9,3199,0.7304410189390182,0.9923926144838333,0.8252050131559372,-0.3174382018633164,0.3174382018633164
GripLost,rf_window_features,Power_J4,range,9,3199,0.042903997004032135,0.03346127271652222,0.0435538390520378,0.21680578550671095,0.21680578550671095
GripLost,rf_window_features,Power_J5,range,9,3199,0.17518292367458344,0.17001658864319324,0.14602942549390718,0.035378725992493525,0.035378725992493525
GripLost,rf_window_features,Abs_Current_Sum,range,9,3199,1.8353359699249268,5.351093769073486,3.7492613792419434,-0.9377201116502057,0.9377201116502057
GripLost,1d_cnn,Current_J0,mean,228,2980,-0.008075286983512342,-0.05148820346221328,0.2164096922468161,0.20060523180814072,0.20060523180814072
GripLost,1d_cnn,Current_J1,mean,228,2980,-2.033785706758499,-2.2371778190135956,0.40288749337196306,0.5048360040983363,0.5048360040983363
GripLost,1d_cnn,Current_J2,mean,228,2980,-1.0615830086171627,-1.2124406307935716,0.21685137152671796,0.6956728985125274,0.6956728985125274
GripLost,1d_cnn,Current_J3,mean,228,2980,-0.5899444337002933,-0.5800225060433148,0.22022805726155648,-0.045052968183770144,0.045052968183770144
GripLost,1d_cnn,Current_J4,mean,228,2980,-0.04645881331525743,-0.010164929588790984,0.1788899688544916,-0.20288383948452554,0.20288383948452554
GripLost,1d_cnn,Current_J5,mean,228,2980,-0.0030502238776534797,-0.0037215404910966752,0.042975439809379165,0.015620936433015495,0.015620936433015495
GripLost,1d_cnn,Temperature_J0,mean,228,2980,37.0375,36.25,4.637500000000003,0.1698113207547172,0.1698113207547172
GripLost,1d_cnn,Temperature_J1,mean,228,2980,40.046875,39.440625,5.225000000000001,0.1160287081339718,0.1160287081339718
GripLost,1d_cnn,Temperature_J2,mean,228,2980,40.38125,40.00625,5.2578125,0.0713224368499257,0.0713224368499257
GripLost,1d_cnn,Temperature_J3,mean,228,2980,43.1,43.00625,4.75,0.019736842105263157,0.019736842105263157
GripLost,1d_cnn,Temperature_J4,mean,228,2980,45.1,45.0625,5.514062500000001,0.006800793425899944,0.006800793425899944
GripLost,1d_cnn,Temperature_J5,mean,228,2980,44.38125,44.375,5.756250000000001,0.001085776330076251,0.001085776330076251
GripLost,1d_cnn,Speed_J0,mean,228,2980,0.0,-3.8364800275303423e-05,0.04416597925119277,0.0008686505071495121,0.0008686505071495121
GripLost,1d_cnn,Speed_J1,mean,228,2980,-0.0006910820491611957,2.0313973072916264e-05,0.014169087363643484,-0.05020761069336659,0.05020761069336659
GripLost,1d_cnn,Speed_J2,mean,228,2980,0.0004869302477345627,0.00041625680405559255,0.10556949822771351,0.0006694494609278851,0.0006694494609278851
GripLost,1d_cnn,Speed_J3,mean,228,2980,-0.0024768155068159103,-0.00021045010071247817,0.11357238644486643,-0.019955250365401418,0.019955250365401418
GripLost,1d_cnn,Speed_J4,mean,228,2980,-6.100000096243095e-16,-0.0004430596865856364,0.014173824186562402,0.031259008207895816,0.031259008207895816
GripLost,1d_cnn,Speed_J5,mean,228,2980,0.002540906380818342,0.00047055742761585866,0.07774973973478154,0.026628371493780164,0.026628371493780164
GripLost,1d_cnn,Tool_current,mean,228,2980,0.09747594296932222,0.0957702338695526,0.02559040933847427,0.06665423273261736,0.06665423273261736
GripLost,1d_cnn,Power_J0,mean,228,2980,0.000658603585907258,0.0026737617125036197,0.013442280253381433,-0.14991192629609432,0.14991192629609432
GripLost,1d_cnn,Power_J1,mean,228,2980,0.0013580182567238808,0.0,0.03517734994033324,0.03860490511727889,0.03860490511727889
GripLost,1d_cnn,Power_J2,mean,228,2980,0.0,0.007845487868996059,0.23453055140216747,-0.03345188003051595,0.03345188003051595
GripLost,1d_cnn,Power_J3,mean,228,2980,0.03961902275405009,0.07063076104403693,0.14667794045972188,-0.2114274184160824,0.2114274184160824
GripLost,1d_cnn,Power_J4,mean,228,2980,-0.0001516988268122077,-0.00030247156428513436,0.005317115154300443,0.02835611663422087,0.02835611663422087
GripLost,1d_cnn,Power_J5,mean,228,2980,0.009687313089060012,0.012090894622230754,0.015940562258197132,-0.1507839870538284,0.1507839870538284
GripLost,1d_cnn,Abs_Current_Sum,mean,228,2980,4.260429888963699,5.004841125011444,0.9813761591911305,-0.758538129417473,0.758538129417473
GripLost,1d_cnn,Current_J0,range,228,2980,1.249986708164215,1.7371516823768616,2.639461524784565,-0.1845698335202705,0.1845698335202705
GripLost,1d_cnn,Current_J1,range,228,2980,1.2632250785827637,2.219595432281494,1.7024970054626465,-0.5617456892024552,0.5617456892024552
GripLost,1d_cnn,Current_J2,range,228,2980,1.172271728515625,1.5375982224941254,1.3977872133255005,-0.26136059229598013,0.26136059229598013
GripLost,1d_cnn,Current_J3,range,228,2980,0.9225612729787827,1.4761025607585907,1.247907180339098,-0.4435756893628839,0.4435756893628839
GripLost,1d_cnn,Current_J4,range,228,2980,0.6223130226135254,1.5898621529340744,1.9073371030390263,-0.5072774648901442,0.5072774648901442
GripLost,1d_cnn,Current_J5,range,228,2980,0.3792417347431183,0.40737274289131165,0.10691594332456589,-0.26311331381883574,0.26311331381883574
GripLost,1d_cnn,Temperature_J0,range,228,2980,0.0625,0.0625,0.0,,
GripLost,1d_cnn,Temperature_J1,range,228,2980,0.0625,0.0625,0.0625,0.0,0.0
GripLost,1d_cnn,Temperature_J2,range,228,2980,0.0625,0.0625,0.0,,
GripLost,1d_cnn,Temperature_J3,range,228,2980,0.0625,0.0625,0.0625,0.0,0.0
GripLost,1d_cnn,Temperature_J4,range,228,2980,0.0625,0.0625,0.0625,0.0,0.0
GripLost,1d_cnn,Temperature_J5,range,228,2980,0.0625,0.0625,0.0,,
GripLost,1d_cnn,Speed_J0,range,228,2980,0.28369705379009247,0.43398798257112503,0.34347149543464184,-0.4375644872388864,0.4375644872388864
GripLost,1d_cnn,Speed_J1,range,228,2980,0.09249985730275512,0.15781663358211517,0.126816940959543,-0.5150477198483864,0.5150477198483864
GripLost,1d_cnn,Speed_J2,range,228,2980,0.23299754597246647,2.546654329635203,4.828188516199589,-0.47919768996175915,0.47919768996175915
GripLost,1d_cnn,Speed_J3,range,228,2980,1.3442391753196716,1.3862634897232056,0.7250883504748344,-0.057957508731196296,0.057957508731196296
GripLost,1d_cnn,Speed_J4,range,228,2980,0.11069781240075827,0.11890880577266216,0.15612440777476877,-0.0525926310237756,0.0525926310237756
GripLost,1d_cnn,Speed_J5,range,228,2980,1.1858144700527191,1.2073041796684265,0.5852656066417694,-0.03671787539167813,0.03671787539167813
GripLost,1d_cnn,Tool_current,range,228,2980,0.10693693161010742,0.10269185900688171,0.1837848573923111,0.023098054232858177,0.023098054232858177
GripLost,1d_cnn,Power_J0,range,228,2980,0.07925254292786121,0.13931072130799294,0.13617081567645073,-0.44105029467425105,0.44105029467425105
GripLost,1d_cnn,Power_J1,range,228,2980,0.2120781596750021,0.36120811849832535,0.30698515474796295,-0.485788828928096,0.485788828928096
GripLost,1d_cnn,Power_J2,range,228,2980,0.3345071040093899,2.320807026088005,5.0149000976234674,-0.39607965929768196,0.39607965929768196
GripLost,1d_cnn,Power_J3,range,228,2980,0.6415708139538765,0.9975319132208824,0.8254350237548351,-0.4312406052844336,0.4312406052844336
GripLost,1d_cnn,Power_J4,range,228,2980,0.023707110434770584,0.034216263331472874,0.04302061191992834,-0.24428180882834347,0.24428180882834347
GripLost,1d_cnn,Power_J5,range,228,2980,0.1761775091290474,0.16974768787622452,0.13917169719934464,0.0462006383640851,0.0462006383640851
GripLost,1d_cnn,Abs_Current_Sum,range,228,2980,2.5863077044487,5.42132306098938,3.464449882507324,-0.8183161692871412,0.8183161692871412
GripLost,lstm,Current_J0,mean,204,3004,-0.008637487888336182,-0.050266426615417,0.21611252496077216,0.19262621976508362,0.19262621976508362
GripLost,lstm,Current_J1,mean,204,3004,-2.0538872674107553,-2.234558392316103,0.40442975461483055,0.44673054552431385,0.44673054552431385
GripLost,lstm,Current_J2,mean,204,3004,-1.0518235862255096,-1.2122184381820262,0.21667899042367944,0.7402418279819901,0.7402418279819901
GripLost,lstm,Current_J3,mean,204,3004,-0.5719712436199189,-0.5812821358442306,0.21662024781107903,0.04298255734815705,0.04298255734815705
GripLost,lstm,Current_J4,mean,204,3004,-0.0477938424795866,-0.010564490870456212,0.17576025529415346,-0.21181894363332096,0.21181894363332096
GripLost,lstm,Current_J5,mean,204,3004,-0.007443872652947903,-0.0035934637533500792,0.04296841909526847,-0.08961020630200046,0.08961020630200046
GripLost,lstm,Temperature_J0,mean,204,3004,37.0,36.25625,4.631250000000001,0.1605937921727392,0.1605937921727392
GripLost,lstm,Temperature_J1,mean,204,3004,39.95625,39.45625,5.25,0.09523809523809523,0.09523809523809523
GripLost,lstm,Temperature_J2,mean,204,3004,40.359375,40.0125,5.214062499999997,0.06652682049745229,0.06652682049745229
GripLost,lstm,Temperature_J3,mean,204,3004,43.096875,43.00625,4.75,0.019078947368420154,0.019078947368420154
GripLost,lstm,Temperature_J4,mean,204,3004,45.0625,45.0625,5.501562499999999,0.0,0.0
GripLost,lstm,Temperature_J5,mean,204,3004,44.38125,44.375,5.75,0.0010869565217393776,0.0010869565217393776
GripLost,lstm,Speed_J0,mean,204,3004,-3.820000077113649e-27,-2.286474427819485e-05,0.044122050460282475,0.000518215813627635,0.000518215813627635
GripLost,lstm,Speed_J1,mean,204,3004,-0.00043784151147349963,5.627078280667774e-06,0.014357775507799162,-0.030886998442988242,0.030886998442988242
GripLost,lstm,Speed_J2,mean,204,3004,6.942139807506442e-05,0.0004821504233404994,0.10592973171860649,-0.0038962529081241824,0.0038962529081241824
GripLost,lstm,Speed_J3,mean,204,3004,0.0,-0.000259481999091804,0.11411458591883274,0.0022738723275600196,0.0022738723275600196
GripLost,lstm,Speed_J4,mean,204,3004,0.0,-0.0004579017826472409,0.013950082439002021,0.032824306569474215,0.032824306569474215
GripLost,lstm,Speed_J5,mean,204,3004,0.0,0.0005425198112425144,0.07817136330484409,-0.006940134958716984,0.006940134958716984
GripLost,lstm,Tool_current,mean,204,3004,0.09406835138797759,0.09584252834320069,0.028836964070796972,-0.06152440148926066,0.06152440148926066
GripLost,lstm,Power_J0,mean,204,3004,0.0011224573478102683,0.0026189327012048126,0.013447823784483443,-0.11128011322703592,0.11128011322703592
GripLost,lstm,Power_J1,mean,204,3004,0.001320273708552122,0.0,0.03521079926795208,0.03749627205292666,0.03749627205292666
GripLost,lstm,Power_J2,mean,204,3004,0.0,0.007652105464239866,0.23608218669469352,-0.03241288794963481,0.03241288794963481
GripLost,lstm,Power_J3,mean,204,3004,0.015389272570610096,0.07154475492134224,0.14708549604129073,-0.381788033913064,0.381788033913064
GripLost,lstm,Power_J4,mean,204,3004,-9.66216204687953e-05,-0.00033624688076088204,0.005297056766885655,0.045237434831753125,0.045237434831753125
GripLost,lstm,Power_J5,mean,204,3004,0.004268418210426717,0.012234254797374434,0.015832346885542848,-0.5031368150619313,0.5031368150619313
GripLost,lstm,Abs_Current_Sum,mean,204,3004,4.160263419151306,4.99151428937912,0.9739478230476379,-0.8534860395567163,0.8534860395567163
GripLost,lstm,Current_J0,range,204,3004,1.0242591500282288,1.7371516823768616,2.638082392513752,-0.27023133711503916,0.27023133711503916
GripLost,lstm,Current_J1,range,204,3004,1.2574307322502136,2.1872042417526245,1.7181015014648438,-0.5411633181797997,0.5411633181797997
GripLost,lstm,Current_J2,range,204,3004,1.1720829010009766,1.512340784072876,1.3970240354537964,-0.24355907589046827,0.24355907589046827
GripLost,lstm,Current_J3,range,204,3004,0.8865343108773232,1.4540998041629791,1.2247789334505796,-0.4634023967791878,0.4634023967791878
GripLost,lstm,Current_J4,range,204,3004,0.5370962843298912,1.5845701098442078,1.8919029496610165,-0.5536615002910158,0.5536615002910158
GripLost,lstm,Current_J5,range,204,3004,0.36310776323080063,0.4080055356025696,0.10691222175955772,-0.41994985823737396,0.41994985823737396
GripLost,lstm,Temperature_J0,range,204,3004,0.0625,0.0625,0.0,,
GripLost,lstm,Temperature_J1,range,204,3004,0.0625,0.0625,0.0625,0.0,0.0
GripLost,lstm,Temperature_J2,range,204,3004,0.0625,0.0625,0.0,,
GripLost,lstm,Temperature_J3,range,204,3004,0.0625,0.0625,0.0625,0.0,0.0
GripLost,lstm,Temperature_J4,range,204,3004,0.0625,0.0625,0.0625,0.0,0.0
GripLost,lstm,Temperature_J5,range,204,3004,0.0625,0.0625,0.0,,
GripLost,lstm,Speed_J0,range,204,3004,0.2737644761800766,0.4350336417555809,0.3425578400492668,-0.4707793742286281,0.4707793742286281
GripLost,lstm,Speed_J1,range,204,3004,0.0813508853316307,0.15719641000032425,0.1253801403217949,-0.6049245476519002,0.6049245476519002
GripLost,lstm,Speed_J2,range,204,3004,0.1079698633402586,2.546421442180872,4.808366395533085,-0.5071268240094818,0.5071268240094818
GripLost,lstm,Speed_J3,range,204,3004,1.0742463171482086,1.3981953859329224,0.7192590832710266,-0.45039273930537954,0.45039273930537954
GripLost,lstm,Speed_J4,range,204,3004,0.06458418816328049,0.1202031560242176,0.15596514497883618,-0.3566115228404679,0.3566115228404679
GripLost,lstm,Speed_J5,range,204,3004,0.989767536520958,1.2190064117312431,0.5852359980344772,-0.39170330598286324,0.39170330598286324
GripLost,lstm,Tool_current,range,204,3004,0.09386658668518066,0.10311788320541382,0.19490498304367065,-0.04746567468806222,0.04746567468806222
GripLost,lstm,Power_J0,range,204,3004,0.07225955370813608,0.1400646260008216,0.13607528316788375,-0.4982908777711715,0.4982908777711715
GripLost,lstm,Power_J1,range,204,3004,0.18249781616032124,0.35989879071712494,0.3050181567668915,-0.5816079161883516,0.5816079161883516
GripLost,lstm,Power_J2,range,204,3004,0.1413572933524847,2.3190917372703552,4.967139340937138,-0.4384282973440811,0.4384282973440811
GripLost,lstm,Power_J3,range,204,3004,0.5316958427429199,1.0060851145535707,0.8277589529752731,-0.5731007440094965,0.5731007440094965
GripLost,lstm,Power_J4,range,204,3004,0.023707110434770584,0.03427041508257389,0.042561774665955454,-0.2481875986306732,0.2481875986306732
GripLost,lstm,Power_J5,range,204,3004,0.13013628870248795,0.17091448977589607,0.1401004939689301,-0.29106393502403677,0.29106393502403677
GripLost,lstm,Abs_Current_Sum,range,204,3004,2.520975708961487,5.419327735900879,3.458515167236328,-0.8380336320038295,0.8380336320038295
