target,model_variant,test_block,event_cycle_count,detected_event_cycle_count,event_cycle_recall,normal_cycle_count,false_alarm_cycle_count,normal_cycle_false_alarm_rate
System_Failure,rf_19_raw_window,1,7,7,1.0,17,0,0.0
System_Failure,rf_19_raw_window,2,5,5,1.0,18,0,0.0
System_Failure,rf_19_raw_window,3,6,6,1.0,18,3,0.16666666666666666
System_Failure,rf_19_raw_window,4,9,9,1.0,8,1,0.125
System_Failure,rf_19_raw_window,5,6,6,1.0,19,1,0.05263157894736842
System_Failure,rf_19_raw_window,7,9,9,1.0,15,0,0.0
System_Failure,rf_19_raw_window,8,5,5,1.0,7,0,0.0
System_Failure,rf_19_raw_window,9,20,19,0.95,6,0,0.0
System_Failure,rf_19_raw_window,10,20,19,0.95,7,0,0.0
ProtectiveStop,rf_19_raw_window,1,2,1,0.5,22,0,0.0
ProtectiveStop,rf_19_raw_window,2,2,2,1.0,21,0,0.0
ProtectiveStop,rf_19_raw_window,3,3,3,1.0,21,3,0.14285714285714285
ProtectiveStop,rf_19_raw_window,4,3,3,1.0,14,1,0.07142857142857142
ProtectiveStop,rf_19_raw_window,5,5,5,1.0,20,0,0.0
ProtectiveStop,rf_19_raw_window,7,8,8,1.0,16,0,0.0
ProtectiveStop,rf_19_raw_window,8,3,3,1.0,9,0,0.0
ProtectiveStop,rf_19_raw_window,9,17,16,0.9411764705882353,9,0,0.0
ProtectiveStop,rf_19_raw_window,10,19,18,0.9473684210526315,8,0,0.0
GripLost,rf_19_raw_window,1,5,4,0.8,19,0,0.0
GripLost,rf_19_raw_window,2,3,3,1.0,20,0,0.0
GripLost,rf_19_raw_window,3,5,5,1.0,19,1,0.05263157894736842
GripLost,rf_19_raw_window,4,7,7,1.0,10,0,0.0
GripLost,rf_19_raw_window,5,1,1,1.0,24,0,0.0
GripLost,rf_19_raw_window,7,4,4,1.0,20,0,0.0
GripLost,rf_19_raw_window,8,2,2,1.0,10,1,0.1
GripLost,rf_19_raw_window,9,6,6,1.0,20,3,0.15
GripLost,rf_19_raw_window,10,6,4,0.6666666666666666,21,1,0.047619047619047616
System_Failure,1d_cnn_19_raw,1,7,6,0.8571428571428571,17,2,0.11764705882352941
System_Failure,1d_cnn_19_raw,2,5,5,1.0,18,2,0.1111111111111111
System_Failure,1d_cnn_19_raw,3,6,6,1.0,18,2,0.1111111111111111
System_Failure,1d_cnn_19_raw,4,9,9,1.0,8,3,0.375
System_Failure,1d_cnn_19_raw,5,6,6,1.0,19,1,0.05263157894736842
System_Failure,1d_cnn_19_raw,7,9,9,1.0,15,2,0.13333333333333333
System_Failure,1d_cnn_19_raw,8,5,4,0.8,7,0,0.0
System_Failure,1d_cnn_19_raw,9,20,20,1.0,6,5,0.8333333333333334
System_Failure,1d_cnn_19_raw,10,20,20,1.0,7,5,0.7142857142857143
ProtectiveStop,1d_cnn_19_raw,1,2,1,0.5,22,0,0.0
ProtectiveStop,1d_cnn_19_raw,2,2,2,1.0,21,2,0.09523809523809523
ProtectiveStop,1d_cnn_19_raw,3,3,2,0.6666666666666666,21,4,0.19047619047619047
ProtectiveStop,1d_cnn_19_raw,4,3,3,1.0,14,2,0.14285714285714285
ProtectiveStop,1d_cnn_19_raw,5,5,5,1.0,20,11,0.55
ProtectiveStop,1d_cnn_19_raw,7,8,8,1.0,16,0,0.0
ProtectiveStop,1d_cnn_19_raw,8,3,3,1.0,9,2,0.2222222222222222
ProtectiveStop,1d_cnn_19_raw,9,17,15,0.8823529411764706,9,2,0.2222222222222222
ProtectiveStop,1d_cnn_19_raw,10,19,19,1.0,8,4,0.5
GripLost,1d_cnn_19_raw,1,5,3,0.6,19,0,0.0
GripLost,1d_cnn_19_raw,2,3,3,1.0,20,7,0.35
GripLost,1d_cnn_19_raw,3,5,5,1.0,19,4,0.21052631578947367
GripLost,1d_cnn_19_raw,4,7,7,1.0,10,0,0.0
GripLost,1d_cnn_19_raw,5,1,1,1.0,24,6,0.25
GripLost,1d_cnn_19_raw,7,4,4,1.0,20,3,0.15
GripLost,1d_cnn_19_raw,8,2,1,0.5,10,1,0.1
GripLost,1d_cnn_19_raw,9,6,6,1.0,20,4,0.2
GripLost,1d_cnn_19_raw,10,6,6,1.0,21,15,0.7142857142857143
System_Failure,lstm_autoencoder_19_raw_q90,1,7,0,0.0,17,4,0.23529411764705882
System_Failure,lstm_autoencoder_19_raw_q95,1,7,0,0.0,17,1,0.058823529411764705
System_Failure,lstm_autoencoder_19_raw_q97.5,1,7,0,0.0,17,1,0.058823529411764705
ProtectiveStop,lstm_autoencoder_19_raw_q90,1,2,0,0.0,22,4,0.18181818181818182
ProtectiveStop,lstm_autoencoder_19_raw_q95,1,2,0,0.0,22,1,0.045454545454545456
ProtectiveStop,lstm_autoencoder_19_raw_q97.5,1,2,0,0.0,22,1,0.045454545454545456
GripLost,lstm_autoencoder_19_raw_q90,1,5,0,0.0,19,4,0.21052631578947367
GripLost,lstm_autoencoder_19_raw_q95,1,5,0,0.0,19,1,0.05263157894736842
GripLost,lstm_autoencoder_19_raw_q97.5,1,5,0,0.0,19,1,0.05263157894736842
System_Failure,lstm_autoencoder_19_raw_q90,2,5,0,0.0,18,2,0.1111111111111111
System_Failure,lstm_autoencoder_19_raw_q95,2,5,0,0.0,18,0,0.0
System_Failure,lstm_autoencoder_19_raw_q97.5,2,5,0,0.0,18,0,0.0
ProtectiveStop,lstm_autoencoder_19_raw_q90,2,2,0,0.0,21,2,0.09523809523809523
ProtectiveStop,lstm_autoencoder_19_raw_q95,2,2,0,0.0,21,0,0.0
ProtectiveStop,lstm_autoencoder_19_raw_q97.5,2,2,0,0.0,21,0,0.0
GripLost,lstm_autoencoder_19_raw_q90,2,3,0,0.0,20,2,0.1
GripLost,lstm_autoencoder_19_raw_q95,2,3,0,0.0,20,0,0.0
GripLost,lstm_autoencoder_19_raw_q97.5,2,3,0,0.0,20,0,0.0
System_Failure,lstm_autoencoder_19_raw_q90,3,6,0,0.0,18,1,0.05555555555555555
System_Failure,lstm_autoencoder_19_raw_q95,3,6,0,0.0,18,0,0.0
System_Failure,lstm_autoencoder_19_raw_q97.5,3,6,0,0.0,18,0,0.0
ProtectiveStop,lstm_autoencoder_19_raw_q90,3,3,0,0.0,21,1,0.047619047619047616
ProtectiveStop,lstm_autoencoder_19_raw_q95,3,3,0,0.0,21,0,0.0
ProtectiveStop,lstm_autoencoder_19_raw_q97.5,3,3,0,0.0,21,0,0.0
GripLost,lstm_autoencoder_19_raw_q90,3,5,0,0.0,19,1,0.05263157894736842
GripLost,lstm_autoencoder_19_raw_q95,3,5,0,0.0,19,0,0.0
GripLost,lstm_autoencoder_19_raw_q97.5,3,5,0,0.0,19,0,0.0
System_Failure,lstm_autoencoder_19_raw_q90,4,9,0,0.0,8,2,0.25
System_Failure,lstm_autoencoder_19_raw_q95,4,9,0,0.0,8,1,0.125
System_Failure,lstm_autoencoder_19_raw_q97.5,4,9,0,0.0,8,1,0.125
ProtectiveStop,lstm_autoencoder_19_raw_q90,4,3,0,0.0,14,2,0.14285714285714285
ProtectiveStop,lstm_autoencoder_19_raw_q95,4,3,0,0.0,14,1,0.07142857142857142
ProtectiveStop,lstm_autoencoder_19_raw_q97.5,4,3,0,0.0,14,1,0.07142857142857142
GripLost,lstm_autoencoder_19_raw_q90,4,7,0,0.0,10,2,0.2
GripLost,lstm_autoencoder_19_raw_q95,4,7,0,0.0,10,1,0.1
GripLost,lstm_autoencoder_19_raw_q97.5,4,7,0,0.0,10,1,0.1
System_Failure,lstm_autoencoder_19_raw_q90,5,6,2,0.3333333333333333,19,8,0.42105263157894735
System_Failure,lstm_autoencoder_19_raw_q95,5,6,2,0.3333333333333333,19,7,0.3684210526315789
System_Failure,lstm_autoencoder_19_raw_q97.5,5,6,2,0.3333333333333333,19,7,0.3684210526315789
ProtectiveStop,lstm_autoencoder_19_raw_q90,5,5,2,0.4,20,8,0.4
ProtectiveStop,lstm_autoencoder_19_raw_q95,5,5,2,0.4,20,7,0.35
ProtectiveStop,lstm_autoencoder_19_raw_q97.5,5,5,2,0.4,20,7,0.35
GripLost,lstm_autoencoder_19_raw_q90,5,1,0,0.0,24,10,0.4166666666666667
GripLost,lstm_autoencoder_19_raw_q95,5,1,0,0.0,24,9,0.375
GripLost,lstm_autoencoder_19_raw_q97.5,5,1,0,0.0,24,9,0.375
System_Failure,lstm_autoencoder_19_raw_q90,7,9,2,0.2222222222222222,15,7,0.4666666666666667
System_Failure,lstm_autoencoder_19_raw_q95,7,9,1,0.1111111111111111,15,6,0.4
System_Failure,lstm_autoencoder_19_raw_q97.5,7,9,1,0.1111111111111111,15,6,0.4
ProtectiveStop,lstm_autoencoder_19_raw_q90,7,8,2,0.25,16,7,0.4375
ProtectiveStop,lstm_autoencoder_19_raw_q95,7,8,1,0.125,16,6,0.375
ProtectiveStop,lstm_autoencoder_19_raw_q97.5,7,8,1,0.125,16,6,0.375
GripLost,lstm_autoencoder_19_raw_q90,7,4,0,0.0,20,10,0.5
GripLost,lstm_autoencoder_19_raw_q95,7,4,0,0.0,20,8,0.4
GripLost,lstm_autoencoder_19_raw_q97.5,7,4,0,0.0,20,8,0.4
System_Failure,lstm_autoencoder_19_raw_q90,8,5,0,0.0,7,0,0.0
System_Failure,lstm_autoencoder_19_raw_q95,8,5,0,0.0,7,0,0.0
System_Failure,lstm_autoencoder_19_raw_q97.5,8,5,0,0.0,7,0,0.0
ProtectiveStop,lstm_autoencoder_19_raw_q90,8,3,0,0.0,9,0,0.0
ProtectiveStop,lstm_autoencoder_19_raw_q95,8,3,0,0.0,9,0,0.0
ProtectiveStop,lstm_autoencoder_19_raw_q97.5,8,3,0,0.0,9,0,0.0
GripLost,lstm_autoencoder_19_raw_q90,8,2,0,0.0,10,0,0.0
GripLost,lstm_autoencoder_19_raw_q95,8,2,0,0.0,10,0,0.0
GripLost,lstm_autoencoder_19_raw_q97.5,8,2,0,0.0,10,0,0.0
System_Failure,lstm_autoencoder_19_raw_q90,9,20,0,0.0,6,0,0.0
System_Failure,lstm_autoencoder_19_raw_q95,9,20,0,0.0,6,0,0.0
System_Failure,lstm_autoencoder_19_raw_q97.5,9,20,0,0.0,6,0,0.0
ProtectiveStop,lstm_autoencoder_19_raw_q90,9,17,0,0.0,9,0,0.0
ProtectiveStop,lstm_autoencoder_19_raw_q95,9,17,0,0.0,9,0,0.0
ProtectiveStop,lstm_autoencoder_19_raw_q97.5,9,17,0,0.0,9,0,0.0
GripLost,lstm_autoencoder_19_raw_q90,9,6,0,0.0,20,0,0.0
GripLost,lstm_autoencoder_19_raw_q95,9,6,0,0.0,20,0,0.0
GripLost,lstm_autoencoder_19_raw_q97.5,9,6,0,0.0,20,0,0.0
System_Failure,lstm_autoencoder_19_raw_q90,10,20,3,0.15,7,0,0.0
System_Failure,lstm_autoencoder_19_raw_q95,10,20,1,0.05,7,0,0.0
System_Failure,lstm_autoencoder_19_raw_q97.5,10,20,1,0.05,7,0,0.0
ProtectiveStop,lstm_autoencoder_19_raw_q90,10,19,3,0.15789473684210525,8,0,0.0
ProtectiveStop,lstm_autoencoder_19_raw_q95,10,19,1,0.05263157894736842,8,0,0.0
ProtectiveStop,lstm_autoencoder_19_raw_q97.5,10,19,1,0.05263157894736842,8,0,0.0
GripLost,lstm_autoencoder_19_raw_q90,10,6,0,0.0,21,3,0.14285714285714285
GripLost,lstm_autoencoder_19_raw_q95,10,6,0,0.0,21,1,0.047619047619047616
GripLost,lstm_autoencoder_19_raw_q97.5,10,6,0,0.0,21,1,0.047619047619047616
