target,model_variant,seed,test_block,event_cycle_count,detected_event_cycle_count,event_cycle_recall,normal_cycle_count,false_alarm_cycle_count,normal_cycle_false_alarm_rate,window_macro_f1,window_positive_precision,window_positive_recall,window_positive_f1,window_pr_auc
System_Failure,rf_19_raw_window,42,1,7,7,1.0,17,0,0.0,0.7308094540891027,0.8620689655172413,0.42735042735042733,0.5714285714285714,0.8049577420608847
System_Failure,rf_19_raw_window,42,2,5,5,1.0,18,0,0.0,0.802566950512156,0.5925925925925926,0.8311688311688312,0.6918918918918919,0.6314105096817529
System_Failure,rf_19_raw_window,42,3,6,6,1.0,18,3,0.16666666666666666,0.8411148408096836,0.7471264367816092,0.7471264367816092,0.7471264367816092,0.8339475901475479
System_Failure,rf_19_raw_window,42,4,9,9,1.0,8,1,0.125,0.822541530901127,0.6728971962616822,0.8372093023255814,0.7461139896373057,0.8040295671541786
System_Failure,rf_19_raw_window,42,5,6,6,1.0,19,1,0.05263157894736842,0.881820467689213,0.7951807228915663,0.8148148148148148,0.8048780487804879,0.8491713394530646
System_Failure,rf_19_raw_window,42,7,9,9,1.0,15,0,0.0,0.8824736566338709,0.9230769230769231,0.72,0.8089887640449438,0.9128617576099373
System_Failure,rf_19_raw_window,42,8,5,5,1.0,7,0,0.0,0.9405793846844823,0.8918918918918919,0.9166666666666666,0.9041095890410958,0.9787888065192429
System_Failure,rf_19_raw_window,42,9,20,19,0.95,6,0,0.0,0.8135327635327635,0.890625,0.6195652173913043,0.7307692307692307,0.8456171395963061
System_Failure,rf_19_raw_window,42,10,20,19,0.95,7,0,0.0,0.8108042192549234,0.776536312849162,0.6747572815533981,0.7220779220779221,0.8320311169627296
ProtectiveStop,rf_19_raw_window,42,1,2,1,0.5,22,0,0.0,0.6642246642246642,0.5833333333333334,0.25925925925925924,0.358974358974359,0.3955703495072741
ProtectiveStop,rf_19_raw_window,42,2,2,2,1.0,21,0,0.0,0.9492689588688946,1.0,0.8285714285714286,0.90625,0.9814577652923517
ProtectiveStop,rf_19_raw_window,42,3,3,3,1.0,21,3,0.14285714285714285,0.7399620184481823,0.5128205128205128,0.5405405405405406,0.5263157894736842,0.6304876222872475
ProtectiveStop,rf_19_raw_window,42,4,3,3,1.0,14,1,0.07142857142857142,0.8069217367997856,0.5737704918032787,0.813953488372093,0.6730769230769231,0.6799221594396688
ProtectiveStop,rf_19_raw_window,42,5,5,5,1.0,20,0,0.0,0.920675105485232,0.8024691358024691,0.9420289855072463,0.8666666666666667,0.9022606002015343
ProtectiveStop,rf_19_raw_window,42,7,8,8,1.0,16,0,0.0,0.9058153697986007,0.9,0.782608695652174,0.8372093023255814,0.9211857688985376
ProtectiveStop,rf_19_raw_window,42,8,3,3,1.0,9,0,0.0,0.9842565597667638,0.9444444444444444,1.0,0.9714285714285714,0.9967320261437909
ProtectiveStop,rf_19_raw_window,42,9,17,16,0.9411764705882353,9,0,0.0,0.8705417809799749,0.9139784946236559,0.6967213114754098,0.7906976744186046,0.8801676643947655
ProtectiveStop,rf_19_raw_window,42,10,19,18,0.9473684210526315,8,0,0.0,0.8965005710313323,0.8769230769230769,0.7916666666666666,0.8321167883211679,0.9154916953248398
GripLost,rf_19_raw_window,42,1,5,4,0.8,19,0,0.0,0.5842175066312997,1.0,0.15555555555555556,0.2692307692307692,0.8707104949903214
GripLost,rf_19_raw_window,42,2,3,3,1.0,20,0,0.0,0.8459508907077515,0.96,0.5714285714285714,0.7164179104477612,0.858644095611161
GripLost,rf_19_raw_window,42,3,5,5,1.0,19,1,0.05263157894736842,0.8537757437070939,0.8095238095238095,0.68,0.7391304347826086,0.8171724602086496
GripLost,rf_19_raw_window,42,4,7,7,1.0,10,0,0.0,0.8888443602448266,0.7450980392156863,0.8837209302325582,0.8085106382978723,0.9014187059459269
GripLost,rf_19_raw_window,42,5,1,1,1.0,24,0,0.0,0.8300795372378886,1.0,0.5,0.6666666666666666,0.8737753064389352
GripLost,rf_19_raw_window,42,7,4,4,1.0,20,0,0.0,0.8625578703703703,0.8695652173913043,0.6451612903225806,0.7407407407407407,0.7851252582070397
GripLost,rf_19_raw_window,42,8,2,2,1.0,10,1,0.1,0.9707430340557275,0.9473684210526315,0.9473684210526315,0.9473684210526315,0.9873684210526312
GripLost,rf_19_raw_window,42,9,6,6,1.0,20,3,0.15,0.7662201811455542,0.918918918918919,0.425,0.5811965811965812,0.6706438723605126
GripLost,rf_19_raw_window,42,10,6,4,0.6666666666666666,21,1,0.047619047619047616,0.7156059750203979,0.88,0.3188405797101449,0.46808510638297873,0.5274303408345018
System_Failure,1d_cnn_19_raw,42,1,7,7,1.0,17,2,0.11764705882352941,0.7450262762762763,0.7733333333333333,0.49572649572649574,0.6041666666666666,0.7418995399583453
System_Failure,1d_cnn_19_raw,43,1,7,3,0.42857142857142855,17,0,0.0,0.5836243383596322,0.9545454545454546,0.1794871794871795,0.302158273381295,0.7201168122654068
System_Failure,1d_cnn_19_raw,44,1,7,6,0.8571428571428571,17,2,0.11764705882352941,0.7431137724550898,0.7808219178082192,0.48717948717948717,0.6,0.7408177676244705
System_Failure,1d_cnn_19_raw,42,2,5,4,0.8,18,2,0.1111111111111111,0.7638621794871795,0.5304347826086957,0.7922077922077922,0.6354166666666666,0.4936086038854096
System_Failure,1d_cnn_19_raw,43,2,5,5,1.0,18,2,0.1111111111111111,0.7846377838114351,0.55,0.8571428571428571,0.6700507614213198,0.4993029102876028
System_Failure,1d_cnn_19_raw,44,2,5,5,1.0,18,3,0.16666666666666666,0.7748570488296516,0.5555555555555556,0.7792207792207793,0.6486486486486487,0.4625271955323766
System_Failure,1d_cnn_19_raw,42,3,6,6,1.0,18,2,0.1111111111111111,0.7789586688137413,0.6933333333333334,0.5977011494252874,0.6419753086419753,0.5763547094270448
System_Failure,1d_cnn_19_raw,43,3,6,3,0.5,18,6,0.3333333333333333,0.6498663215274301,0.5,0.367816091954023,0.423841059602649,0.3731759662429143
System_Failure,1d_cnn_19_raw,44,3,6,6,1.0,18,2,0.1111111111111111,0.8310023211648028,0.7272727272727273,0.735632183908046,0.7314285714285714,0.7555668988729722
System_Failure,1d_cnn_19_raw,42,4,9,9,1.0,8,2,0.25,0.8241099519788044,0.7010309278350515,0.7906976744186046,0.7431693989071039,0.7704481922084236
System_Failure,1d_cnn_19_raw,43,4,9,9,1.0,8,3,0.375,0.8134050300618173,0.6545454545454545,0.8372093023255814,0.7346938775510204,0.7929041971794604
System_Failure,1d_cnn_19_raw,44,4,9,9,1.0,8,3,0.375,0.768999518999519,0.5692307692307692,0.8604651162790697,0.6851851851851852,0.8391788720667069
System_Failure,1d_cnn_19_raw,42,5,6,6,1.0,19,1,0.05263157894736842,0.8812540153467455,0.7254901960784313,0.9135802469135802,0.8087431693989071,0.6655621606047099
System_Failure,1d_cnn_19_raw,43,5,6,6,1.0,19,2,0.10526315789473684,0.8705384325437096,0.7128712871287128,0.8888888888888888,0.7912087912087912,0.6985992539267699
System_Failure,1d_cnn_19_raw,44,5,6,6,1.0,19,1,0.05263157894736842,0.8671763445978106,0.7263157894736842,0.8518518518518519,0.7840909090909091,0.7178350710607027
System_Failure,1d_cnn_19_raw,42,7,9,9,1.0,15,2,0.13333333333333333,0.8872647567990172,0.875,0.77,0.8191489361702128,0.8885179069660076
System_Failure,1d_cnn_19_raw,43,7,9,9,1.0,15,1,0.06666666666666667,0.8834813324829516,0.8735632183908046,0.76,0.8128342245989305,0.860683731764568
System_Failure,1d_cnn_19_raw,44,7,9,9,1.0,15,1,0.06666666666666667,0.8784908749387886,0.922077922077922,0.71,0.8022598870056498,0.8468741176755478
System_Failure,1d_cnn_19_raw,42,8,5,3,0.6,7,0,0.0,0.7623456790123457,0.8888888888888888,0.4444444444444444,0.5925925925925926,0.6662964107718308
System_Failure,1d_cnn_19_raw,43,8,5,4,0.8,7,0,0.0,0.7188174881220906,0.5806451612903226,0.5,0.5373134328358209,0.6740843658396543
System_Failure,1d_cnn_19_raw,44,8,5,5,1.0,7,3,0.42857142857142855,0.8558120859265208,0.673469387755102,0.9166666666666666,0.7764705882352941,0.8989253053606634
System_Failure,1d_cnn_19_raw,42,9,20,20,1.0,6,3,0.5,0.7183141239646298,0.6827586206896552,0.5380434782608695,0.601823708206687,0.72753544676583
System_Failure,1d_cnn_19_raw,43,9,20,20,1.0,6,5,0.8333333333333334,0.6879200618568965,0.5603864734299517,0.6304347826086957,0.5933503836317136,0.7233028837065114
System_Failure,1d_cnn_19_raw,44,9,20,19,0.95,6,4,0.6666666666666666,0.7937737861838312,0.7228260869565217,0.7228260869565217,0.7228260869565217,0.8026634327012248
System_Failure,1d_cnn_19_raw,42,10,20,20,1.0,7,4,0.5714285714285714,0.6985668166699276,0.5030120481927711,0.8106796116504854,0.620817843866171,0.7536111057214866
System_Failure,1d_cnn_19_raw,43,10,20,19,0.95,7,5,0.7142857142857143,0.7289296329250516,0.6212121212121212,0.5970873786407767,0.6089108910891089,0.7390414931347998
System_Failure,1d_cnn_19_raw,44,10,20,20,1.0,7,5,0.7142857142857143,0.6845158251093865,0.48342541436464087,0.8495145631067961,0.6161971830985915,0.7659952875263512
ProtectiveStop,1d_cnn_19_raw,42,1,2,1,0.5,22,0,0.0,0.6230738037307381,0.5555555555555556,0.18518518518518517,0.2777777777777778,0.2960640782729243
ProtectiveStop,1d_cnn_19_raw,43,1,2,2,1.0,22,3,0.13636363636363635,0.7297062579821201,0.3958333333333333,0.7037037037037037,0.5066666666666667,0.3294062986105493
ProtectiveStop,1d_cnn_19_raw,44,1,2,1,0.5,22,0,0.0,0.6186917733811765,0.5,0.18518518518518517,0.2702702702702703,0.2583400678691861
ProtectiveStop,1d_cnn_19_raw,42,2,2,2,1.0,21,2,0.09523809523809523,0.7981885154909678,0.4794520547945205,1.0,0.6481481481481481,0.7783352964840969
ProtectiveStop,1d_cnn_19_raw,43,2,2,2,1.0,21,0,0.0,0.851379974326059,0.6382978723404256,0.8571428571428571,0.7317073170731707,0.9211971142601355
ProtectiveStop,1d_cnn_19_raw,44,2,2,2,1.0,21,2,0.09523809523809523,0.8057321575061526,0.49295774647887325,1.0,0.660377358490566,0.9022307334509435
ProtectiveStop,1d_cnn_19_raw,42,3,3,2,0.6666666666666666,21,3,0.14285714285714285,0.7399620184481823,0.5128205128205128,0.5405405405405406,0.5263157894736842,0.6197895738358307
ProtectiveStop,1d_cnn_19_raw,43,3,3,2,0.6666666666666666,21,4,0.19047619047619047,0.7166297117516629,0.4444444444444444,0.5405405405405406,0.4878048780487805,0.6027752825654805
ProtectiveStop,1d_cnn_19_raw,44,3,3,2,0.6666666666666666,21,6,0.2857142857142857,0.7142607174103237,0.41509433962264153,0.5945945945945946,0.4888888888888889,0.5535251321974424
ProtectiveStop,1d_cnn_19_raw,42,4,3,3,1.0,14,2,0.14285714285714285,0.7671146953405018,0.4805194805194805,0.8604651162790697,0.6166666666666667,0.7815748813629317
ProtectiveStop,1d_cnn_19_raw,43,4,3,3,1.0,14,2,0.14285714285714285,0.766600747088552,0.475,0.8837209302325582,0.6178861788617886,0.7910226169145863
ProtectiveStop,1d_cnn_19_raw,44,4,3,3,1.0,14,3,0.21428571428571427,0.7532607429835798,0.4567901234567901,0.8604651162790697,0.5967741935483871,0.7870138422744826
ProtectiveStop,1d_cnn_19_raw,42,5,5,5,1.0,20,6,0.3,0.8122706136814102,0.5769230769230769,0.8695652173913043,0.6936416184971098,0.7337940465368904
ProtectiveStop,1d_cnn_19_raw,43,5,5,5,1.0,20,13,0.65,0.7163704191353961,0.4251968503937008,0.782608695652174,0.5510204081632653,0.6823566648169492
ProtectiveStop,1d_cnn_19_raw,44,5,5,5,1.0,20,11,0.55,0.7406914893617021,0.46218487394957986,0.7971014492753623,0.5851063829787234,0.7185645468681527
ProtectiveStop,1d_cnn_19_raw,42,7,8,8,1.0,16,0,0.0,0.8826224148418491,0.864406779661017,0.7391304347826086,0.796875,0.8566747572318791
ProtectiveStop,1d_cnn_19_raw,43,7,8,8,1.0,16,2,0.125,0.8789054754553437,0.85,0.7391304347826086,0.7906976744186046,0.8465765938366769
ProtectiveStop,1d_cnn_19_raw,44,7,8,7,0.875,16,0,0.0,0.8664242424242424,0.8571428571428571,0.6956521739130435,0.768,0.8350995993446506
ProtectiveStop,1d_cnn_19_raw,42,8,3,3,1.0,9,2,0.2222222222222222,0.9042483896649055,0.7083333333333334,1.0,0.8292682926829268,0.9967320261437909
ProtectiveStop,1d_cnn_19_raw,43,8,3,3,1.0,9,4,0.4444444444444444,0.8329545454545455,0.5483870967741935,1.0,0.7083333333333334,0.9938080495356038
ProtectiveStop,1d_cnn_19_raw,44,8,3,3,1.0,9,1,0.1111111111111111,0.8928571428571428,0.68,1.0,0.8095238095238095,0.9938080495356038
ProtectiveStop,1d_cnn_19_raw,42,9,17,15,0.8823529411764706,9,2,0.2222222222222222,0.8453458306399483,0.7758620689655172,0.7377049180327869,0.7563025210084033,0.8445308554218508
ProtectiveStop,1d_cnn_19_raw,43,9,17,15,0.8823529411764706,9,2,0.2222222222222222,0.8346800258564965,0.7586206896551724,0.7213114754098361,0.7394957983193278,0.809303864549563
ProtectiveStop,1d_cnn_19_raw,44,9,17,15,0.8823529411764706,9,2,0.2222222222222222,0.8475434456125295,0.782608695652174,0.7377049180327869,0.759493670886076,0.8321045244940435
ProtectiveStop,1d_cnn_19_raw,42,10,19,19,1.0,8,4,0.5,0.8416934107897303,0.6330275229357798,0.9583333333333334,0.7624309392265194,0.9215399329611621
ProtectiveStop,1d_cnn_19_raw,43,10,19,19,1.0,8,4,0.5,0.7560025448577277,0.49640287769784175,0.9583333333333334,0.6540284360189573,0.9094490177212363
ProtectiveStop,1d_cnn_19_raw,44,10,19,19,1.0,8,4,0.5,0.7318978115198175,0.46381578947368424,0.9791666666666666,0.6294642857142857,0.9090406730984608
GripLost,1d_cnn_19_raw,42,1,5,2,0.4,19,0,0.0,0.6269153979005646,1.0,0.2111111111111111,0.3486238532110092,0.8885888193963546
GripLost,1d_cnn_19_raw,43,1,5,3,0.6,19,0,0.0,0.7161712100653757,1.0,0.34444444444444444,0.512396694214876,0.8739869986930784
GripLost,1d_cnn_19_raw,44,1,5,5,1.0,19,3,0.15789473684210525,0.8289806702822973,0.873015873015873,0.6111111111111112,0.7189542483660131,0.8588559513081591
GripLost,1d_cnn_19_raw,42,2,3,3,1.0,20,5,0.25,0.7785185900945878,0.4606741573033708,0.9761904761904762,0.6259541984732825,0.8131647798569811
GripLost,1d_cnn_19_raw,43,2,3,3,1.0,20,10,0.5,0.729233661504972,0.3883495145631068,0.9523809523809523,0.5517241379310345,0.7574797485431645
GripLost,1d_cnn_19_raw,44,2,3,3,1.0,20,7,0.35,0.7544460587293339,0.42857142857142855,0.9285714285714286,0.5864661654135338,0.7984659462960755
GripLost,1d_cnn_19_raw,42,3,5,5,1.0,19,2,0.10526315789473684,0.7841216216216216,0.5645161290322581,0.7,0.625,0.7003052964981465
GripLost,1d_cnn_19_raw,43,3,5,5,1.0,19,3,0.15789473684210525,0.8086683134965191,0.5694444444444444,0.82,0.6721311475409836,0.7019655850827313
GripLost,1d_cnn_19_raw,44,3,5,5,1.0,19,8,0.42105263157894735,0.7938131313131314,0.524390243902439,0.86,0.6515151515151515,0.6870375499589729
GripLost,1d_cnn_19_raw,42,4,7,7,1.0,10,1,0.1,0.9065343258891646,0.78,0.9069767441860465,0.8387096774193549,0.9506983491701092
GripLost,1d_cnn_19_raw,43,4,7,7,1.0,10,0,0.0,0.8940722360077199,0.76,0.8837209302325582,0.8172043010752689,0.9329560440048157
GripLost,1d_cnn_19_raw,44,4,7,7,1.0,10,0,0.0,0.9048055862365914,0.7916666666666666,0.8837209302325582,0.8351648351648352,0.9470711030039586
GripLost,1d_cnn_19_raw,42,5,1,1,1.0,24,5,0.20833333333333334,0.6702415555778289,0.2857142857142857,0.5,0.36363636363636365,0.5725874110602884
GripLost,1d_cnn_19_raw,43,5,1,1,1.0,24,7,0.2916666666666667,0.7258457948881112,0.3333333333333333,0.8333333333333334,0.47619047619047616,0.715763597105509
GripLost,1d_cnn_19_raw,44,5,1,1,1.0,24,6,0.25,0.7315952824332712,0.3333333333333333,0.9166666666666666,0.4888888888888889,0.6935340085382712
GripLost,1d_cnn_19_raw,42,7,4,4,1.0,20,4,0.2,0.750316100527071,0.44,0.7096774193548387,0.5432098765432098,0.6852199889950313
GripLost,1d_cnn_19_raw,43,7,4,4,1.0,20,3,0.15,0.7756190476190477,0.5,0.7096774193548387,0.5866666666666667,0.7188734251240437
GripLost,1d_cnn_19_raw,44,7,4,4,1.0,20,3,0.15,0.7351241074464467,0.4074074074074074,0.7096774193548387,0.5176470588235295,0.6996795970180641
GripLost,1d_cnn_19_raw,42,8,2,1,0.5,10,1,0.1,0.5293103448275862,0.18181818181818182,0.10526315789473684,0.13333333333333333,0.23975122190507903
GripLost,1d_cnn_19_raw,43,8,2,2,1.0,10,8,0.8,0.5752172610128858,0.22666666666666666,0.8947368421052632,0.3617021276595745,0.5351530875028353
GripLost,1d_cnn_19_raw,44,8,2,0,0.0,10,0,0.0,0.4735376044568245,0.0,0.0,0.0,0.16807276005476599
GripLost,1d_cnn_19_raw,42,9,6,6,1.0,20,5,0.25,0.6889146544336341,0.45348837209302323,0.4875,0.46987951807228917,0.5897962390613686
GripLost,1d_cnn_19_raw,43,9,6,6,1.0,20,6,0.3,0.6845483160010599,0.4567901234567901,0.4625,0.45962732919254656,0.48922660354105124
GripLost,1d_cnn_19_raw,44,9,6,5,0.8333333333333334,20,4,0.2,0.6715773092741487,0.5087719298245614,0.3625,0.4233576642335766,0.4916418618274424
GripLost,1d_cnn_19_raw,42,10,6,6,1.0,21,16,0.7619047619047619,0.5672593616486554,0.21299638989169675,0.855072463768116,0.34104046242774566,0.5221946289713565
GripLost,1d_cnn_19_raw,43,10,6,5,0.8333333333333334,21,14,0.6666666666666666,0.6210999886704602,0.2597402597402597,0.5797101449275363,0.35874439461883406,0.47895694855417714
GripLost,1d_cnn_19_raw,44,10,6,6,1.0,21,12,0.5714285714285714,0.5740768067802462,0.21370967741935484,0.7681159420289855,0.334384858044164,0.4747326568928351
System_Failure,lstm_autoencoder_19_raw_q90,42,1,7,0,0.0,17,4,0.23529411764705882,0.4147339699863574,0.0,0.0,0.0,0.1950826062515808
System_Failure,lstm_autoencoder_19_raw_q95,42,1,7,0,0.0,17,1,0.058823529411764705,0.417910447761194,0.0,0.0,0.0,0.1950826062515808
System_Failure,lstm_autoencoder_19_raw_q97.5,42,1,7,0,0.0,17,1,0.058823529411764705,0.4186991869918699,0.0,0.0,0.0,0.1950826062515808
ProtectiveStop,lstm_autoencoder_19_raw_q90,42,1,2,0,0.0,22,4,0.18181818181818182,0.4787363304981774,0.0,0.0,0.0,0.05460611739254269
ProtectiveStop,lstm_autoencoder_19_raw_q95,42,1,2,0,0.0,22,1,0.045454545454545456,0.48125755743651755,0.0,0.0,0.0,0.05460611739254269
ProtectiveStop,lstm_autoencoder_19_raw_q97.5,42,1,2,0,0.0,22,1,0.045454545454545456,0.48188405797101447,0.0,0.0,0.0,0.05460611739254269
GripLost,lstm_autoencoder_19_raw_q90,42,1,5,0,0.0,19,4,0.21052631578947367,0.4355263157894737,0.0,0.0,0.0,0.14761213715441424
GripLost,lstm_autoencoder_19_raw_q95,42,1,5,0,0.0,19,1,0.05263157894736842,0.43848167539267013,0.0,0.0,0.0,0.14761213715441424
GripLost,lstm_autoencoder_19_raw_q97.5,42,1,5,0,0.0,19,1,0.05263157894736842,0.4392156862745098,0.0,0.0,0.0,0.14761213715441424
System_Failure,lstm_autoencoder_19_raw_q90,43,1,7,0,0.0,17,4,0.23529411764705882,0.4147339699863574,0.0,0.0,0.0,0.18783828768264962
System_Failure,lstm_autoencoder_19_raw_q95,43,1,7,0,0.0,17,1,0.058823529411764705,0.4186991869918699,0.0,0.0,0.0,0.18783828768264962
System_Failure,lstm_autoencoder_19_raw_q97.5,43,1,7,0,0.0,17,1,0.058823529411764705,0.4186991869918699,0.0,0.0,0.0,0.18783828768264962
ProtectiveStop,lstm_autoencoder_19_raw_q90,43,1,2,0,0.0,22,4,0.18181818181818182,0.4787363304981774,0.0,0.0,0.0,0.05205860103841538
ProtectiveStop,lstm_autoencoder_19_raw_q95,43,1,2,0,0.0,22,1,0.045454545454545456,0.48188405797101447,0.0,0.0,0.0,0.05205860103841538
ProtectiveStop,lstm_autoencoder_19_raw_q97.5,43,1,2,0,0.0,22,1,0.045454545454545456,0.48188405797101447,0.0,0.0,0.0,0.05205860103841538
GripLost,lstm_autoencoder_19_raw_q90,43,1,5,0,0.0,19,4,0.21052631578947367,0.4355263157894737,0.0,0.0,0.0,0.14241415811497216
GripLost,lstm_autoencoder_19_raw_q95,43,1,5,0,0.0,19,1,0.05263157894736842,0.4392156862745098,0.0,0.0,0.0,0.14241415811497216
GripLost,lstm_autoencoder_19_raw_q97.5,43,1,5,0,0.0,19,1,0.05263157894736842,0.4392156862745098,0.0,0.0,0.0,0.14241415811497216
System_Failure,lstm_autoencoder_19_raw_q90,44,1,7,0,0.0,17,3,0.17647058823529413,0.41553133514986373,0.0,0.0,0.0,0.19185380687407852
System_Failure,lstm_autoencoder_19_raw_q95,44,1,7,0,0.0,17,1,0.058823529411764705,0.4186991869918699,0.0,0.0,0.0,0.19185380687407852
System_Failure,lstm_autoencoder_19_raw_q97.5,44,1,7,0,0.0,17,1,0.058823529411764705,0.4186991869918699,0.0,0.0,0.0,0.19185380687407852
ProtectiveStop,lstm_autoencoder_19_raw_q90,44,1,2,0,0.0,22,3,0.13636363636363635,0.47936893203883496,0.0,0.0,0.0,0.053037908237083244
ProtectiveStop,lstm_autoencoder_19_raw_q95,44,1,2,0,0.0,22,1,0.045454545454545456,0.48188405797101447,0.0,0.0,0.0,0.053037908237083244
ProtectiveStop,lstm_autoencoder_19_raw_q97.5,44,1,2,0,0.0,22,1,0.045454545454545456,0.48188405797101447,0.0,0.0,0.0,0.053037908237083244
GripLost,lstm_autoencoder_19_raw_q90,44,1,5,0,0.0,19,3,0.15789473684210525,0.43626806833114323,0.0,0.0,0.0,0.14547824021133493
GripLost,lstm_autoencoder_19_raw_q95,44,1,5,0,0.0,19,1,0.05263157894736842,0.4392156862745098,0.0,0.0,0.0,0.14547824021133493
GripLost,lstm_autoencoder_19_raw_q97.5,44,1,5,0,0.0,19,1,0.05263157894736842,0.4392156862745098,0.0,0.0,0.0,0.14547824021133493
System_Failure,lstm_autoencoder_19_raw_q90,42,2,5,1,0.2,18,2,0.1111111111111111,0.4586885089766179,0.16666666666666666,0.012987012987012988,0.024096385542168676,0.14474669048578143
System_Failure,lstm_autoencoder_19_raw_q95,42,2,5,0,0.0,18,0,0.0,0.4496732026143791,0.0,0.0,0.0,0.14474669048578143
System_Failure,lstm_autoencoder_19_raw_q97.5,42,2,5,0,0.0,18,0,0.0,0.4496732026143791,0.0,0.0,0.0,0.14474669048578143
ProtectiveStop,lstm_autoencoder_19_raw_q90,42,2,2,1,0.5,21,2,0.09523809523809523,0.5000456746140495,0.16666666666666666,0.02857142857142857,0.04878048780487805,0.11088615122652956
ProtectiveStop,lstm_autoencoder_19_raw_q95,42,2,2,0,0.0,21,0,0.0,0.47831474597273854,0.0,0.0,0.0,0.11088615122652956
ProtectiveStop,lstm_autoencoder_19_raw_q97.5,42,2,2,0,0.0,21,0,0.0,0.47831474597273854,0.0,0.0,0.0,0.11088615122652956
GripLost,lstm_autoencoder_19_raw_q90,42,2,3,0,0.0,20,3,0.15,0.46977329974811083,0.0,0.0,0.0,0.06273606422913117
GripLost,lstm_autoencoder_19_raw_q95,42,2,3,0,0.0,20,0,0.0,0.47375,0.0,0.0,0.0,0.06273606422913117
GripLost,lstm_autoencoder_19_raw_q97.5,42,2,3,0,0.0,20,0,0.0,0.47375,0.0,0.0,0.0,0.06273606422913117
System_Failure,lstm_autoencoder_19_raw_q90,43,2,5,0,0.0,18,2,0.1111111111111111,0.4453227931488801,0.0,0.0,0.0,0.13816212853507948
System_Failure,lstm_autoencoder_19_raw_q95,43,2,5,0,0.0,18,0,0.0,0.4496732026143791,0.0,0.0,0.0,0.13816212853507948
System_Failure,lstm_autoencoder_19_raw_q97.5,43,2,5,0,0.0,18,0,0.0,0.4496732026143791,0.0,0.0,0.0,0.13816212853507948
ProtectiveStop,lstm_autoencoder_19_raw_q90,43,2,2,0,0.0,21,2,0.09523809523809523,0.47440699126092384,0.0,0.0,0.0,0.0959361391092561
ProtectiveStop,lstm_autoencoder_19_raw_q95,43,2,2,0,0.0,21,0,0.0,0.47831474597273854,0.0,0.0,0.0,0.0959361391092561
ProtectiveStop,lstm_autoencoder_19_raw_q97.5,43,2,2,0,0.0,21,0,0.0,0.47831474597273854,0.0,0.0,0.0,0.0959361391092561
GripLost,lstm_autoencoder_19_raw_q90,43,2,3,0,0.0,20,2,0.1,0.46977329974811083,0.0,0.0,0.0,0.06295479913023982
GripLost,lstm_autoencoder_19_raw_q95,43,2,3,0,0.0,20,0,0.0,0.47375,0.0,0.0,0.0,0.06295479913023982
GripLost,lstm_autoencoder_19_raw_q97.5,43,2,3,0,0.0,20,0,0.0,0.47375,0.0,0.0,0.0,0.06295479913023982
System_Failure,lstm_autoencoder_19_raw_q90,44,2,5,0,0.0,18,2,0.1111111111111111,0.44605263157894737,0.0,0.0,0.0,0.141618796017283
System_Failure,lstm_autoencoder_19_raw_q95,44,2,5,0,0.0,18,0,0.0,0.4496732026143791,0.0,0.0,0.0,0.141618796017283
System_Failure,lstm_autoencoder_19_raw_q97.5,44,2,5,0,0.0,18,0,0.0,0.4496732026143791,0.0,0.0,0.0,0.141618796017283
ProtectiveStop,lstm_autoencoder_19_raw_q90,44,2,2,0,0.0,21,2,0.09523809523809523,0.47506234413965087,0.0,0.0,0.0,0.10371490837467917
ProtectiveStop,lstm_autoencoder_19_raw_q95,44,2,2,0,0.0,21,0,0.0,0.47831474597273854,0.0,0.0,0.0,0.10371490837467917
ProtectiveStop,lstm_autoencoder_19_raw_q97.5,44,2,2,0,0.0,21,0,0.0,0.47831474597273854,0.0,0.0,0.0,0.10371490837467917
GripLost,lstm_autoencoder_19_raw_q90,44,2,3,0,0.0,20,2,0.1,0.47044025157232705,0.0,0.0,0.0,0.062773844059781
GripLost,lstm_autoencoder_19_raw_q95,44,2,3,0,0.0,20,0,0.0,0.47375,0.0,0.0,0.0,0.062773844059781
GripLost,lstm_autoencoder_19_raw_q97.5,44,2,3,0,0.0,20,0,0.0,0.47375,0.0,0.0,0.0,0.062773844059781
System_Failure,lstm_autoencoder_19_raw_q90,42,3,6,0,0.0,18,1,0.05555555555555555,0.4424083769633508,0.0,0.0,0.0,0.12226931175270314
System_Failure,lstm_autoencoder_19_raw_q95,42,3,6,0,0.0,18,0,0.0,0.44313725490196076,0.0,0.0,0.0,0.12226931175270314
System_Failure,lstm_autoencoder_19_raw_q97.5,42,3,6,0,0.0,18,0,0.0,0.44313725490196076,0.0,0.0,0.0,0.12226931175270314
ProtectiveStop,lstm_autoencoder_19_raw_q90,42,3,3,0,0.0,21,1,0.047619047619047616,0.47665847665847666,0.0,0.0,0.0,0.04789685706755634
ProtectiveStop,lstm_autoencoder_19_raw_q95,42,3,3,0,0.0,21,0,0.0,0.47730061349693254,0.0,0.0,0.0,0.04789685706755634
ProtectiveStop,lstm_autoencoder_19_raw_q97.5,42,3,3,0,0.0,21,0,0.0,0.47730061349693254,0.0,0.0,0.0,0.04789685706755634
GripLost,lstm_autoencoder_19_raw_q90,42,3,5,0,0.0,19,1,0.05263157894736842,0.4681647940074906,0.0,0.0,0.0,0.07942312122555265
GripLost,lstm_autoencoder_19_raw_q95,42,3,5,0,0.0,19,0,0.0,0.4688279301745636,0.0,0.0,0.0,0.07942312122555265
GripLost,lstm_autoencoder_19_raw_q97.5,42,3,5,0,0.0,19,0,0.0,0.4688279301745636,0.0,0.0,0.0,0.07942312122555265
System_Failure,lstm_autoencoder_19_raw_q90,43,3,6,0,0.0,18,2,0.1111111111111111,0.44021024967148487,0.0,0.0,0.0,0.12223867724898647
System_Failure,lstm_autoencoder_19_raw_q95,43,3,6,0,0.0,18,0,0.0,0.44313725490196076,0.0,0.0,0.0,0.12223867724898647
System_Failure,lstm_autoencoder_19_raw_q97.5,43,3,6,0,0.0,18,0,0.0,0.44313725490196076,0.0,0.0,0.0,0.12223867724898647
ProtectiveStop,lstm_autoencoder_19_raw_q90,43,3,3,0,0.0,21,2,0.09523809523809523,0.4747225647348952,0.0,0.0,0.0,0.04802622253472474
ProtectiveStop,lstm_autoencoder_19_raw_q95,43,3,3,0,0.0,21,0,0.0,0.47730061349693254,0.0,0.0,0.0,0.04802622253472474
ProtectiveStop,lstm_autoencoder_19_raw_q97.5,43,3,3,0,0.0,21,0,0.0,0.47730061349693254,0.0,0.0,0.0,0.04802622253472474
GripLost,lstm_autoencoder_19_raw_q90,43,3,5,0,0.0,19,2,0.10526315789473684,0.46616541353383456,0.0,0.0,0.0,0.07926734047077942
GripLost,lstm_autoencoder_19_raw_q95,43,3,5,0,0.0,19,0,0.0,0.4688279301745636,0.0,0.0,0.0,0.07926734047077942
GripLost,lstm_autoencoder_19_raw_q97.5,43,3,5,0,0.0,19,0,0.0,0.4688279301745636,0.0,0.0,0.0,0.07926734047077942
System_Failure,lstm_autoencoder_19_raw_q90,44,3,6,0,0.0,18,1,0.05555555555555555,0.4424083769633508,0.0,0.0,0.0,0.12233815818901267
System_Failure,lstm_autoencoder_19_raw_q95,44,3,6,0,0.0,18,0,0.0,0.44313725490196076,0.0,0.0,0.0,0.12233815818901267
System_Failure,lstm_autoencoder_19_raw_q97.5,44,3,6,0,0.0,18,0,0.0,0.44313725490196076,0.0,0.0,0.0,0.12233815818901267
ProtectiveStop,lstm_autoencoder_19_raw_q90,44,3,3,0,0.0,21,1,0.047619047619047616,0.47665847665847666,0.0,0.0,0.0,0.04794584351611769
ProtectiveStop,lstm_autoencoder_19_raw_q95,44,3,3,0,0.0,21,0,0.0,0.47730061349693254,0.0,0.0,0.0,0.04794584351611769
ProtectiveStop,lstm_autoencoder_19_raw_q97.5,44,3,3,0,0.0,21,0,0.0,0.47730061349693254,0.0,0.0,0.0,0.04794584351611769
GripLost,lstm_autoencoder_19_raw_q90,44,3,5,0,0.0,19,1,0.05263157894736842,0.4681647940074906,0.0,0.0,0.0,0.0794383119286178
GripLost,lstm_autoencoder_19_raw_q95,44,3,5,0,0.0,19,0,0.0,0.4688279301745636,0.0,0.0,0.0,0.0794383119286178
GripLost,lstm_autoencoder_19_raw_q97.5,44,3,5,0,0.0,19,0,0.0,0.4688279301745636,0.0,0.0,0.0,0.0794383119286178
System_Failure,lstm_autoencoder_19_raw_q90,42,4,9,0,0.0,8,2,0.25,0.4244482173174873,0.0,0.0,0.0,0.22986880627992737
System_Failure,lstm_autoencoder_19_raw_q95,42,4,9,0,0.0,8,1,0.125,0.4263959390862944,0.0,0.0,0.0,0.22986880627992737
System_Failure,lstm_autoencoder_19_raw_q97.5,42,4,9,0,0.0,8,1,0.125,0.4263959390862944,0.0,0.0,0.0,0.22986880627992737
ProtectiveStop,lstm_autoencoder_19_raw_q90,42,4,3,0,0.0,14,2,0.14285714285714285,0.46360759493670883,0.0,0.0,0.0,0.09983412456168446
ProtectiveStop,lstm_autoencoder_19_raw_q95,42,4,3,0,0.0,14,1,0.07142857142857142,0.46529968454258674,0.0,0.0,0.0,0.09983412456168446
ProtectiveStop,lstm_autoencoder_19_raw_q97.5,42,4,3,0,0.0,14,1,0.07142857142857142,0.46529968454258674,0.0,0.0,0.0,0.09983412456168446
GripLost,lstm_autoencoder_19_raw_q90,42,4,7,0,0.0,10,2,0.2,0.46360759493670883,0.0,0.0,0.0,0.14255103436063227
GripLost,lstm_autoencoder_19_raw_q95,42,4,7,0,0.0,10,1,0.1,0.46529968454258674,0.0,0.0,0.0,0.14255103436063227
GripLost,lstm_autoencoder_19_raw_q97.5,42,4,7,0,0.0,10,1,0.1,0.46529968454258674,0.0,0.0,0.0,0.14255103436063227
System_Failure,lstm_autoencoder_19_raw_q90,43,4,9,0,0.0,8,2,0.25,0.4244482173174873,0.0,0.0,0.0,0.22842327155120667
System_Failure,lstm_autoencoder_19_raw_q95,43,4,9,0,0.0,8,1,0.125,0.4263959390862944,0.0,0.0,0.0,0.22842327155120667
System_Failure,lstm_autoencoder_19_raw_q97.5,43,4,9,0,0.0,8,1,0.125,0.4263959390862944,0.0,0.0,0.0,0.22842327155120667
ProtectiveStop,lstm_autoencoder_19_raw_q90,43,4,3,0,0.0,14,2,0.14285714285714285,0.46360759493670883,0.0,0.0,0.0,0.0994858444673085
ProtectiveStop,lstm_autoencoder_19_raw_q95,43,4,3,0,0.0,14,1,0.07142857142857142,0.46529968454258674,0.0,0.0,0.0,0.0994858444673085
ProtectiveStop,lstm_autoencoder_19_raw_q97.5,43,4,3,0,0.0,14,1,0.07142857142857142,0.46529968454258674,0.0,0.0,0.0,0.0994858444673085
GripLost,lstm_autoencoder_19_raw_q90,43,4,7,0,0.0,10,2,0.2,0.46360759493670883,0.0,0.0,0.0,0.14101945675099586
GripLost,lstm_autoencoder_19_raw_q95,43,4,7,0,0.0,10,1,0.1,0.46529968454258674,0.0,0.0,0.0,0.14101945675099586
GripLost,lstm_autoencoder_19_raw_q97.5,43,4,7,0,0.0,10,1,0.1,0.46529968454258674,0.0,0.0,0.0,0.14101945675099586
System_Failure,lstm_autoencoder_19_raw_q90,44,4,9,0,0.0,8,1,0.125,0.4263959390862944,0.0,0.0,0.0,0.22834288569690797
System_Failure,lstm_autoencoder_19_raw_q95,44,4,9,0,0.0,8,1,0.125,0.4263959390862944,0.0,0.0,0.0,0.22834288569690797
System_Failure,lstm_autoencoder_19_raw_q97.5,44,4,9,0,0.0,8,1,0.125,0.4263959390862944,0.0,0.0,0.0,0.22834288569690797
ProtectiveStop,lstm_autoencoder_19_raw_q90,44,4,3,0,0.0,14,1,0.07142857142857142,0.46529968454258674,0.0,0.0,0.0,0.10042450439604383
ProtectiveStop,lstm_autoencoder_19_raw_q95,44,4,3,0,0.0,14,1,0.07142857142857142,0.46529968454258674,0.0,0.0,0.0,0.10042450439604383
ProtectiveStop,lstm_autoencoder_19_raw_q97.5,44,4,3,0,0.0,14,1,0.07142857142857142,0.46529968454258674,0.0,0.0,0.0,0.10042450439604383
GripLost,lstm_autoencoder_19_raw_q90,44,4,7,0,0.0,10,1,0.1,0.46529968454258674,0.0,0.0,0.0,0.13885762046544353
GripLost,lstm_autoencoder_19_raw_q95,44,4,7,0,0.0,10,1,0.1,0.46529968454258674,0.0,0.0,0.0,0.13885762046544353
GripLost,lstm_autoencoder_19_raw_q97.5,44,4,7,0,0.0,10,1,0.1,0.46529968454258674,0.0,0.0,0.0,0.13885762046544353
System_Failure,lstm_autoencoder_19_raw_q90,42,5,6,2,0.3333333333333333,19,8,0.42105263157894735,0.4947264433274254,0.17391304347826086,0.09876543209876543,0.12598425196850394,0.1553595655793133
System_Failure,lstm_autoencoder_19_raw_q95,42,5,6,2,0.3333333333333333,19,7,0.3684210526315789,0.49725311815226764,0.19444444444444445,0.08641975308641975,0.11965811965811966,0.1553595655793133
System_Failure,lstm_autoencoder_19_raw_q97.5,42,5,6,2,0.3333333333333333,19,7,0.3684210526315789,0.49725311815226764,0.19444444444444445,0.08641975308641975,0.11965811965811966,0.1553595655793133
ProtectiveStop,lstm_autoencoder_19_raw_q90,42,5,5,2,0.4,20,8,0.4,0.5095652173913043,0.17391304347826086,0.11594202898550725,0.1391304347826087,0.13751533587186626
ProtectiveStop,lstm_autoencoder_19_raw_q95,42,5,5,2,0.4,20,7,0.35,0.5121756487025948,0.19444444444444445,0.10144927536231885,0.13333333333333333,0.13751533587186626
ProtectiveStop,lstm_autoencoder_19_raw_q97.5,42,5,5,2,0.4,20,7,0.35,0.5121756487025948,0.19444444444444445,0.10144927536231885,0.13333333333333333,0.13751533587186626
GripLost,lstm_autoencoder_19_raw_q90,42,5,1,0,0.0,24,10,0.4166666666666667,0.4671201814058957,0.0,0.0,0.0,0.023684196001252406
GripLost,lstm_autoencoder_19_raw_q95,42,5,1,0,0.0,24,9,0.375,0.4730941704035874,0.0,0.0,0.0,0.023684196001252406
GripLost,lstm_autoencoder_19_raw_q97.5,42,5,1,0,0.0,24,9,0.375,0.4730941704035874,0.0,0.0,0.0,0.023684196001252406
System_Failure,lstm_autoencoder_19_raw_q90,43,5,6,2,0.3333333333333333,19,10,0.5263157894736842,0.47890171525467945,0.1346153846153846,0.08641975308641975,0.10526315789473684,0.14557620681716063
System_Failure,lstm_autoencoder_19_raw_q95,43,5,6,2,0.3333333333333333,19,6,0.3157894736842105,0.4966824539904393,0.21428571428571427,0.07407407407407407,0.11009174311926606,0.14557620681716063
System_Failure,lstm_autoencoder_19_raw_q97.5,43,5,6,2,0.3333333333333333,19,6,0.3157894736842105,0.4966824539904393,0.21428571428571427,0.07407407407407407,0.11009174311926606,0.14557620681716063
ProtectiveStop,lstm_autoencoder_19_raw_q90,43,5,5,2,0.4,20,10,0.5,0.4925276743458562,0.1346153846153846,0.10144927536231885,0.11570247933884298,0.12582438892278816
ProtectiveStop,lstm_autoencoder_19_raw_q95,43,5,5,2,0.4,20,6,0.3,0.5114404862359516,0.21428571428571427,0.08695652173913043,0.12371134020618557,0.12582438892278816
ProtectiveStop,lstm_autoencoder_19_raw_q97.5,43,5,5,2,0.4,20,6,0.3,0.5114404862359516,0.21428571428571427,0.08695652173913043,0.12371134020618557,0.12582438892278816
GripLost,lstm_autoencoder_19_raw_q90,43,5,1,0,0.0,24,12,0.5,0.4634703196347032,0.0,0.0,0.0,0.02457495366849832
GripLost,lstm_autoencoder_19_raw_q95,43,5,1,0,0.0,24,8,0.3333333333333333,0.4777777777777778,0.0,0.0,0.0,0.02457495366849832
GripLost,lstm_autoencoder_19_raw_q97.5,43,5,1,0,0.0,24,8,0.3333333333333333,0.4777777777777778,0.0,0.0,0.0,0.02457495366849832
System_Failure,lstm_autoencoder_19_raw_q90,44,5,6,2,0.3333333333333333,19,8,0.42105263157894735,0.487659669620147,0.15384615384615385,0.09876543209876543,0.12030075187969924,0.15262718242412135
System_Failure,lstm_autoencoder_19_raw_q95,44,5,6,2,0.3333333333333333,19,7,0.3684210526315789,0.4948771225908147,0.18421052631578946,0.08641975308641975,0.11764705882352941,0.15262718242412135
System_Failure,lstm_autoencoder_19_raw_q97.5,44,5,6,2,0.3333333333333333,19,7,0.3684210526315789,0.4948771225908147,0.18421052631578946,0.08641975308641975,0.11764705882352941,0.15262718242412135
ProtectiveStop,lstm_autoencoder_19_raw_q90,44,5,5,2,0.4,20,8,0.4,0.5020131383767747,0.15384615384615385,0.11594202898550725,0.1322314049586777,0.1343819271847128
ProtectiveStop,lstm_autoencoder_19_raw_q95,44,5,5,2,0.4,20,7,0.35,0.5095982318160909,0.18421052631578946,0.10144927536231885,0.1308411214953271,0.1343819271847128
ProtectiveStop,lstm_autoencoder_19_raw_q97.5,44,5,5,2,0.4,20,7,0.35,0.5095982318160909,0.18421052631578946,0.10144927536231885,0.1308411214953271,0.1343819271847128
GripLost,lstm_autoencoder_19_raw_q90,44,5,1,0,0.0,24,10,0.4166666666666667,0.4634703196347032,0.0,0.0,0.0,0.02375838044236023
GripLost,lstm_autoencoder_19_raw_q95,44,5,1,0,0.0,24,9,0.375,0.47191011235955055,0.0,0.0,0.0,0.02375838044236023
GripLost,lstm_autoencoder_19_raw_q97.5,44,5,1,0,0.0,24,9,0.375,0.47191011235955055,0.0,0.0,0.0,0.02375838044236023
System_Failure,lstm_autoencoder_19_raw_q90,42,7,9,2,0.2222222222222222,15,7,0.4666666666666667,0.49250769879961576,0.24324324324324326,0.09,0.13138686131386862,0.1904068301595752
System_Failure,lstm_autoencoder_19_raw_q95,42,7,9,1,0.1111111111111111,15,6,0.4,0.4853444343065693,0.25,0.07,0.109375,0.1904068301595752
System_Failure,lstm_autoencoder_19_raw_q97.5,42,7,9,1,0.1111111111111111,15,6,0.4,0.4853444343065693,0.25,0.07,0.109375,0.1904068301595752
ProtectiveStop,lstm_autoencoder_19_raw_q90,42,7,8,2,0.25,16,7,0.4375,0.5327729589555575,0.24324324324324326,0.13043478260869565,0.16981132075471697,0.15720709016646506
ProtectiveStop,lstm_autoencoder_19_raw_q95,42,7,8,1,0.125,16,6,0.375,0.5235131313375473,0.25,0.10144927536231885,0.14432989690721648,0.15720709016646506
ProtectiveStop,lstm_autoencoder_19_raw_q97.5,42,7,8,1,0.125,16,6,0.375,0.5235131313375473,0.25,0.10144927536231885,0.14432989690721648,0.15720709016646506
GripLost,lstm_autoencoder_19_raw_q90,42,7,4,0,0.0,20,10,0.5,0.4614512471655329,0.0,0.0,0.0,0.05013822087844655
GripLost,lstm_autoencoder_19_raw_q95,42,7,4,0,0.0,20,8,0.4,0.4668911335578002,0.0,0.0,0.0,0.05013822087844655
GripLost,lstm_autoencoder_19_raw_q97.5,42,7,4,0,0.0,20,8,0.4,0.4668911335578002,0.0,0.0,0.0,0.05013822087844655
System_Failure,lstm_autoencoder_19_raw_q90,43,7,9,2,0.2222222222222222,15,8,0.5333333333333333,0.48897707231040566,0.225,0.09,0.12857142857142856,0.18697407681029157
System_Failure,lstm_autoencoder_19_raw_q95,43,7,9,1,0.1111111111111111,15,6,0.4,0.4795151515151515,0.24,0.06,0.096,0.18697407681029157
System_Failure,lstm_autoencoder_19_raw_q97.5,43,7,9,1,0.1111111111111111,15,6,0.4,0.4795151515151515,0.24,0.06,0.096,0.18697407681029157
ProtectiveStop,lstm_autoencoder_19_raw_q90,43,7,8,2,0.25,16,8,0.5,0.5284665481242296,0.225,0.13043478260869565,0.1651376146788991,0.15226493299775695
ProtectiveStop,lstm_autoencoder_19_raw_q95,43,7,8,1,0.125,16,6,0.375,0.5159325909723603,0.24,0.08695652173913043,0.1276595744680851,0.15226493299775695
ProtectiveStop,lstm_autoencoder_19_raw_q97.5,43,7,8,1,0.125,16,6,0.375,0.5159325909723603,0.24,0.08695652173913043,0.1276595744680851,0.15226493299775695
GripLost,lstm_autoencoder_19_raw_q90,43,7,4,0,0.0,20,11,0.55,0.459613196814562,0.0,0.0,0.0,0.05015451056603727
GripLost,lstm_autoencoder_19_raw_q95,43,7,4,0,0.0,20,8,0.4,0.46868008948545864,0.0,0.0,0.0,0.05015451056603727
GripLost,lstm_autoencoder_19_raw_q97.5,43,7,4,0,0.0,20,8,0.4,0.46868008948545864,0.0,0.0,0.0,0.05015451056603727
System_Failure,lstm_autoencoder_19_raw_q90,44,7,9,2,0.2222222222222222,15,7,0.4666666666666667,0.49250769879961576,0.24324324324324326,0.09,0.13138686131386862,0.18892095473003062
System_Failure,lstm_autoencoder_19_raw_q95,44,7,9,1,0.1111111111111111,15,6,0.4,0.4875943905070118,0.2692307692307692,0.07,0.1111111111111111,0.18892095473003062
System_Failure,lstm_autoencoder_19_raw_q97.5,44,7,9,1,0.1111111111111111,15,6,0.4,0.4875943905070118,0.2692307692307692,0.07,0.1111111111111111,0.18892095473003062
ProtectiveStop,lstm_autoencoder_19_raw_q90,44,7,8,2,0.25,16,7,0.4375,0.5327729589555575,0.24324324324324326,0.13043478260869565,0.16981132075471697,0.1548426408711745
ProtectiveStop,lstm_autoencoder_19_raw_q95,44,7,8,1,0.125,16,6,0.375,0.5263157894736842,0.2692307692307692,0.10144927536231885,0.14736842105263157,0.1548426408711745
ProtectiveStop,lstm_autoencoder_19_raw_q97.5,44,7,8,1,0.125,16,6,0.375,0.5263157894736842,0.2692307692307692,0.10144927536231885,0.14736842105263157,0.1548426408711745
GripLost,lstm_autoencoder_19_raw_q90,44,7,4,0,0.0,20,10,0.5,0.4614512471655329,0.0,0.0,0.0,0.05029163312589324
GripLost,lstm_autoencoder_19_raw_q95,44,7,4,0,0.0,20,8,0.4,0.46808510638297873,0.0,0.0,0.0,0.05029163312589324
GripLost,lstm_autoencoder_19_raw_q97.5,44,7,4,0,0.0,20,8,0.4,0.46808510638297873,0.0,0.0,0.0,0.05029163312589324
System_Failure,lstm_autoencoder_19_raw_q90,42,8,5,0,0.0,7,0,0.0,0.4473684210526316,0.0,0.0,0.0,0.1841904687110893
System_Failure,lstm_autoencoder_19_raw_q95,42,8,5,0,0.0,7,0,0.0,0.4473684210526316,0.0,0.0,0.0,0.1841904687110893
System_Failure,lstm_autoencoder_19_raw_q97.5,42,8,5,0,0.0,7,0,0.0,0.4473684210526316,0.0,0.0,0.0,0.1841904687110893
ProtectiveStop,lstm_autoencoder_19_raw_q90,42,8,3,0,0.0,9,0,0.0,0.47645429362880887,0.0,0.0,0.0,0.09524375327468557
ProtectiveStop,lstm_autoencoder_19_raw_q95,42,8,3,0,0.0,9,0,0.0,0.47645429362880887,0.0,0.0,0.0,0.09524375327468557
ProtectiveStop,lstm_autoencoder_19_raw_q97.5,42,8,3,0,0.0,9,0,0.0,0.47645429362880887,0.0,0.0,0.0,0.09524375327468557
GripLost,lstm_autoencoder_19_raw_q90,42,8,2,0,0.0,10,0,0.0,0.4735376044568245,0.0,0.0,0.0,0.09985428544978184
GripLost,lstm_autoencoder_19_raw_q95,42,8,2,0,0.0,10,0,0.0,0.4735376044568245,0.0,0.0,0.0,0.09985428544978184
GripLost,lstm_autoencoder_19_raw_q97.5,42,8,2,0,0.0,10,0,0.0,0.4735376044568245,0.0,0.0,0.0,0.09985428544978184
System_Failure,lstm_autoencoder_19_raw_q90,43,8,5,0,0.0,7,0,0.0,0.4473684210526316,0.0,0.0,0.0,0.1821486607351581
System_Failure,lstm_autoencoder_19_raw_q95,43,8,5,0,0.0,7,0,0.0,0.4473684210526316,0.0,0.0,0.0,0.1821486607351581
System_Failure,lstm_autoencoder_19_raw_q97.5,43,8,5,0,0.0,7,0,0.0,0.4473684210526316,0.0,0.0,0.0,0.1821486607351581
ProtectiveStop,lstm_autoencoder_19_raw_q90,43,8,3,0,0.0,9,0,0.0,0.47645429362880887,0.0,0.0,0.0,0.09263170689647014
ProtectiveStop,lstm_autoencoder_19_raw_q95,43,8,3,0,0.0,9,0,0.0,0.47645429362880887,0.0,0.0,0.0,0.09263170689647014
ProtectiveStop,lstm_autoencoder_19_raw_q97.5,43,8,3,0,0.0,9,0,0.0,0.47645429362880887,0.0,0.0,0.0,0.09263170689647014
GripLost,lstm_autoencoder_19_raw_q90,43,8,2,0,0.0,10,0,0.0,0.4735376044568245,0.0,0.0,0.0,0.10032050565312972
GripLost,lstm_autoencoder_19_raw_q95,43,8,2,0,0.0,10,0,0.0,0.4735376044568245,0.0,0.0,0.0,0.10032050565312972
GripLost,lstm_autoencoder_19_raw_q97.5,43,8,2,0,0.0,10,0,0.0,0.4735376044568245,0.0,0.0,0.0,0.10032050565312972
System_Failure,lstm_autoencoder_19_raw_q90,44,8,5,0,0.0,7,0,0.0,0.4473684210526316,0.0,0.0,0.0,0.18398836065078106
System_Failure,lstm_autoencoder_19_raw_q95,44,8,5,0,0.0,7,0,0.0,0.4473684210526316,0.0,0.0,0.0,0.18398836065078106
System_Failure,lstm_autoencoder_19_raw_q97.5,44,8,5,0,0.0,7,0,0.0,0.4473684210526316,0.0,0.0,0.0,0.18398836065078106
ProtectiveStop,lstm_autoencoder_19_raw_q90,44,8,3,0,0.0,9,0,0.0,0.47645429362880887,0.0,0.0,0.0,0.09554872986215085
ProtectiveStop,lstm_autoencoder_19_raw_q95,44,8,3,0,0.0,9,0,0.0,0.47645429362880887,0.0,0.0,0.0,0.09554872986215085
ProtectiveStop,lstm_autoencoder_19_raw_q97.5,44,8,3,0,0.0,9,0,0.0,0.47645429362880887,0.0,0.0,0.0,0.09554872986215085
GripLost,lstm_autoencoder_19_raw_q90,44,8,2,0,0.0,10,0,0.0,0.4735376044568245,0.0,0.0,0.0,0.09909996893177735
GripLost,lstm_autoencoder_19_raw_q95,44,8,2,0,0.0,10,0,0.0,0.4735376044568245,0.0,0.0,0.0,0.09909996893177735
GripLost,lstm_autoencoder_19_raw_q97.5,44,8,2,0,0.0,10,0,0.0,0.4735376044568245,0.0,0.0,0.0,0.09909996893177735
System_Failure,lstm_autoencoder_19_raw_q90,42,9,20,0,0.0,6,0,0.0,0.40191897654584224,0.0,0.0,0.0,0.42117903106378385
System_Failure,lstm_autoencoder_19_raw_q95,42,9,20,0,0.0,6,0,0.0,0.40191897654584224,0.0,0.0,0.0,0.42117903106378385
System_Failure,lstm_autoencoder_19_raw_q97.5,42,9,20,0,0.0,6,0,0.0,0.40191897654584224,0.0,0.0,0.0,0.42117903106378385
ProtectiveStop,lstm_autoencoder_19_raw_q90,42,9,17,0,0.0,9,0,0.0,0.439,0.0,0.0,0.0,0.3526033275072483
ProtectiveStop,lstm_autoencoder_19_raw_q95,42,9,17,0,0.0,9,0,0.0,0.439,0.0,0.0,0.0,0.3526033275072483
ProtectiveStop,lstm_autoencoder_19_raw_q97.5,42,9,17,0,0.0,9,0,0.0,0.439,0.0,0.0,0.0,0.3526033275072483
GripLost,lstm_autoencoder_19_raw_q90,42,9,6,0,0.0,20,0,0.0,0.4616122840690979,0.0,0.0,0.0,0.1328870088357938
GripLost,lstm_autoencoder_19_raw_q95,42,9,6,0,0.0,20,0,0.0,0.4616122840690979,0.0,0.0,0.0,0.1328870088357938
GripLost,lstm_autoencoder_19_raw_q97.5,42,9,6,0,0.0,20,0,0.0,0.4616122840690979,0.0,0.0,0.0,0.1328870088357938
System_Failure,lstm_autoencoder_19_raw_q90,43,9,20,0,0.0,6,0,0.0,0.40191897654584224,0.0,0.0,0.0,0.4209451446391075
System_Failure,lstm_autoencoder_19_raw_q95,43,9,20,0,0.0,6,0,0.0,0.40191897654584224,0.0,0.0,0.0,0.4209451446391075
System_Failure,lstm_autoencoder_19_raw_q97.5,43,9,20,0,0.0,6,0,0.0,0.40191897654584224,0.0,0.0,0.0,0.4209451446391075
ProtectiveStop,lstm_autoencoder_19_raw_q90,43,9,17,0,0.0,9,0,0.0,0.439,0.0,0.0,0.0,0.3521180162728904
ProtectiveStop,lstm_autoencoder_19_raw_q95,43,9,17,0,0.0,9,0,0.0,0.439,0.0,0.0,0.0,0.3521180162728904
ProtectiveStop,lstm_autoencoder_19_raw_q97.5,43,9,17,0,0.0,9,0,0.0,0.439,0.0,0.0,0.0,0.3521180162728904
GripLost,lstm_autoencoder_19_raw_q90,43,9,6,0,0.0,20,0,0.0,0.4616122840690979,0.0,0.0,0.0,0.13336034100329974
GripLost,lstm_autoencoder_19_raw_q95,43,9,6,0,0.0,20,0,0.0,0.4616122840690979,0.0,0.0,0.0,0.13336034100329974
GripLost,lstm_autoencoder_19_raw_q97.5,43,9,6,0,0.0,20,0,0.0,0.4616122840690979,0.0,0.0,0.0,0.13336034100329974
System_Failure,lstm_autoencoder_19_raw_q90,44,9,20,0,0.0,6,0,0.0,0.40191897654584224,0.0,0.0,0.0,0.41737947101701794
System_Failure,lstm_autoencoder_19_raw_q95,44,9,20,0,0.0,6,0,0.0,0.40191897654584224,0.0,0.0,0.0,0.41737947101701794
System_Failure,lstm_autoencoder_19_raw_q97.5,44,9,20,0,0.0,6,0,0.0,0.40191897654584224,0.0,0.0,0.0,0.41737947101701794
ProtectiveStop,lstm_autoencoder_19_raw_q90,44,9,17,0,0.0,9,0,0.0,0.439,0.0,0.0,0.0,0.3472235834878605
ProtectiveStop,lstm_autoencoder_19_raw_q95,44,9,17,0,0.0,9,0,0.0,0.439,0.0,0.0,0.0,0.3472235834878605
ProtectiveStop,lstm_autoencoder_19_raw_q97.5,44,9,17,0,0.0,9,0,0.0,0.439,0.0,0.0,0.0,0.3472235834878605
GripLost,lstm_autoencoder_19_raw_q90,44,9,6,0,0.0,20,0,0.0,0.4616122840690979,0.0,0.0,0.0,0.1335874515861948
GripLost,lstm_autoencoder_19_raw_q95,44,9,6,0,0.0,20,0,0.0,0.4616122840690979,0.0,0.0,0.0,0.1335874515861948
GripLost,lstm_autoencoder_19_raw_q97.5,44,9,6,0,0.0,20,0,0.0,0.4616122840690979,0.0,0.0,0.0,0.1335874515861948
System_Failure,lstm_autoencoder_19_raw_q90,42,10,20,3,0.15,7,0,0.0,0.45242730974909007,1.0,0.03398058252427184,0.06572769953051644,0.3932664106504588
System_Failure,lstm_autoencoder_19_raw_q95,42,10,20,1,0.05,7,0,0.0,0.4325651870501101,1.0,0.014563106796116505,0.028708133971291867,0.3932664106504588
System_Failure,lstm_autoencoder_19_raw_q97.5,42,10,20,1,0.05,7,0,0.0,0.4325651870501101,1.0,0.014563106796116505,0.028708133971291867,0.3932664106504588
ProtectiveStop,lstm_autoencoder_19_raw_q90,42,10,19,3,0.15789473684210525,8,0,0.0,0.49362474445447085,1.0,0.04861111111111111,0.09271523178807947,0.40736304147931696
ProtectiveStop,lstm_autoencoder_19_raw_q95,42,10,19,1,0.05263157894736842,8,0,0.0,0.46630225382555174,1.0,0.020833333333333332,0.04081632653061224,0.40736304147931696
ProtectiveStop,lstm_autoencoder_19_raw_q97.5,42,10,19,1,0.05263157894736842,8,0,0.0,0.46630225382555174,1.0,0.020833333333333332,0.04081632653061224,0.40736304147931696
GripLost,lstm_autoencoder_19_raw_q90,42,10,6,0,0.0,21,3,0.14285714285714285,0.4723435225618632,0.0,0.0,0.0,0.06371541858616664
GripLost,lstm_autoencoder_19_raw_q95,42,10,6,0,0.0,21,1,0.047619047619047616,0.47387518142235124,0.0,0.0,0.0,0.06371541858616664
GripLost,lstm_autoencoder_19_raw_q97.5,42,10,6,0,0.0,21,1,0.047619047619047616,0.47387518142235124,0.0,0.0,0.0,0.06371541858616664
System_Failure,lstm_autoencoder_19_raw_q90,43,10,20,3,0.15,7,0,0.0,0.45242730974909007,1.0,0.03398058252427184,0.06572769953051644,0.39230633044567675
System_Failure,lstm_autoencoder_19_raw_q95,43,10,20,1,0.05,7,0,0.0,0.4325651870501101,1.0,0.014563106796116505,0.028708133971291867,0.39230633044567675
System_Failure,lstm_autoencoder_19_raw_q97.5,43,10,20,1,0.05,7,0,0.0,0.4325651870501101,1.0,0.014563106796116505,0.028708133971291867,0.39230633044567675
ProtectiveStop,lstm_autoencoder_19_raw_q90,43,10,19,3,0.15789473684210525,8,0,0.0,0.49362474445447085,1.0,0.04861111111111111,0.09271523178807947,0.40554659074611227
ProtectiveStop,lstm_autoencoder_19_raw_q95,43,10,19,1,0.05263157894736842,8,0,0.0,0.46630225382555174,1.0,0.020833333333333332,0.04081632653061224,0.40554659074611227
ProtectiveStop,lstm_autoencoder_19_raw_q97.5,43,10,19,1,0.05263157894736842,8,0,0.0,0.46630225382555174,1.0,0.020833333333333332,0.04081632653061224,0.40554659074611227
GripLost,lstm_autoencoder_19_raw_q90,43,10,6,0,0.0,21,3,0.14285714285714285,0.4723435225618632,0.0,0.0,0.0,0.06385004185441348
GripLost,lstm_autoencoder_19_raw_q95,43,10,6,0,0.0,21,1,0.047619047619047616,0.47387518142235124,0.0,0.0,0.0,0.06385004185441348
GripLost,lstm_autoencoder_19_raw_q97.5,43,10,6,0,0.0,21,1,0.047619047619047616,0.47387518142235124,0.0,0.0,0.0,0.06385004185441348
System_Failure,lstm_autoencoder_19_raw_q90,44,10,20,3,0.15,7,0,0.0,0.45242730974909007,1.0,0.03398058252427184,0.06572769953051644,0.39139820718496604
System_Failure,lstm_autoencoder_19_raw_q95,44,10,20,1,0.05,7,0,0.0,0.4325651870501101,1.0,0.014563106796116505,0.028708133971291867,0.39139820718496604
System_Failure,lstm_autoencoder_19_raw_q97.5,44,10,20,1,0.05,7,0,0.0,0.4325651870501101,1.0,0.014563106796116505,0.028708133971291867,0.39139820718496604
ProtectiveStop,lstm_autoencoder_19_raw_q90,44,10,19,3,0.15789473684210525,8,0,0.0,0.49362474445447085,1.0,0.04861111111111111,0.09271523178807947,0.4043967683141714
ProtectiveStop,lstm_autoencoder_19_raw_q95,44,10,19,1,0.05263157894736842,8,0,0.0,0.46630225382555174,1.0,0.020833333333333332,0.04081632653061224,0.4043967683141714
ProtectiveStop,lstm_autoencoder_19_raw_q97.5,44,10,19,1,0.05263157894736842,8,0,0.0,0.46630225382555174,1.0,0.020833333333333332,0.04081632653061224,0.4043967683141714
GripLost,lstm_autoencoder_19_raw_q90,44,10,6,0,0.0,21,3,0.14285714285714285,0.4723435225618632,0.0,0.0,0.0,0.06380284312151543
GripLost,lstm_autoencoder_19_raw_q95,44,10,6,0,0.0,21,1,0.047619047619047616,0.47387518142235124,0.0,0.0,0.0,0.06380284312151543
GripLost,lstm_autoencoder_19_raw_q97.5,44,10,6,0,0.0,21,1,0.047619047619047616,0.47387518142235124,0.0,0.0,0.0,0.06380284312151543
