target,variant,test_block,event_cycles,detected_event_cycles,event_cycle_recall,normal_cycles,false_alarm_cycles,normal_cycle_false_alarm_rate
System_Failure,all_19,1,7,7,1.0,17,0,0.0
System_Failure,all_19,2,5,5,1.0,18,0,0.0
System_Failure,all_19,3,6,6,1.0,18,3,0.16666666666666666
System_Failure,all_19,4,9,9,1.0,8,1,0.125
System_Failure,all_19,5,6,6,1.0,19,1,0.05263157894736842
System_Failure,all_19,7,9,9,1.0,15,0,0.0
System_Failure,all_19,8,5,5,1.0,7,0,0.0
System_Failure,all_19,9,20,19,0.95,6,0,0.0
System_Failure,all_19,10,20,19,0.95,7,0,0.0
System_Failure,current_family_only,1,7,6,0.8571428571428571,17,0,0.0
System_Failure,current_family_only,2,5,5,1.0,18,1,0.05555555555555555
System_Failure,current_family_only,3,6,6,1.0,18,4,0.2222222222222222
System_Failure,current_family_only,4,9,9,1.0,8,1,0.125
System_Failure,current_family_only,5,6,6,1.0,19,2,0.10526315789473684
System_Failure,current_family_only,7,9,9,1.0,15,1,0.06666666666666667
System_Failure,current_family_only,8,5,5,1.0,7,0,0.0
System_Failure,current_family_only,9,20,19,0.95,6,0,0.0
System_Failure,current_family_only,10,20,20,1.0,7,1,0.14285714285714285
System_Failure,joint_current_only,1,7,7,1.0,17,0,0.0
System_Failure,joint_current_only,2,5,5,1.0,18,1,0.05555555555555555
System_Failure,joint_current_only,3,6,6,1.0,18,6,0.3333333333333333
System_Failure,joint_current_only,4,9,9,1.0,8,1,0.125
System_Failure,joint_current_only,5,6,6,1.0,19,2,0.10526315789473684
System_Failure,joint_current_only,7,9,9,1.0,15,2,0.13333333333333333
System_Failure,joint_current_only,8,5,5,1.0,7,0,0.0
System_Failure,joint_current_only,9,20,19,0.95,6,0,0.0
System_Failure,joint_current_only,10,20,20,1.0,7,2,0.2857142857142857
System_Failure,tool_current_only,1,7,6,0.8571428571428571,17,16,0.9411764705882353
System_Failure,tool_current_only,2,5,4,0.8,18,17,0.9444444444444444
System_Failure,tool_current_only,3,6,5,0.8333333333333334,18,16,0.8888888888888888
System_Failure,tool_current_only,4,9,8,0.8888888888888888,8,7,0.875
System_Failure,tool_current_only,5,6,5,0.8333333333333334,19,17,0.8947368421052632
System_Failure,tool_current_only,7,9,5,0.5555555555555556,15,13,0.8666666666666667
System_Failure,tool_current_only,8,5,4,0.8,7,5,0.7142857142857143
System_Failure,tool_current_only,9,20,14,0.7,6,5,0.8333333333333334
System_Failure,tool_current_only,10,20,19,0.95,7,4,0.5714285714285714
System_Failure,speed_only,1,7,7,1.0,17,5,0.29411764705882354
System_Failure,speed_only,2,5,5,1.0,18,3,0.16666666666666666
System_Failure,speed_only,3,6,6,1.0,18,7,0.3888888888888889
System_Failure,speed_only,4,9,8,0.8888888888888888,8,2,0.25
System_Failure,speed_only,5,6,6,1.0,19,3,0.15789473684210525
System_Failure,speed_only,7,9,9,1.0,15,4,0.26666666666666666
System_Failure,speed_only,8,5,5,1.0,7,1,0.14285714285714285
System_Failure,speed_only,9,20,19,0.95,6,0,0.0
System_Failure,speed_only,10,20,20,1.0,7,2,0.2857142857142857
System_Failure,temperature_only,1,7,0,0.0,17,0,0.0
System_Failure,temperature_only,2,5,0,0.0,18,0,0.0
System_Failure,temperature_only,3,6,0,0.0,18,0,0.0
System_Failure,temperature_only,4,9,0,0.0,8,0,0.0
System_Failure,temperature_only,5,6,0,0.0,19,0,0.0
System_Failure,temperature_only,7,9,0,0.0,15,0,0.0
System_Failure,temperature_only,8,5,1,0.2,7,3,0.42857142857142855
System_Failure,temperature_only,9,20,17,0.85,6,5,0.8333333333333334
System_Failure,temperature_only,10,20,4,0.2,7,1,0.14285714285714285
System_Failure,drop_current_family,1,7,5,0.7142857142857143,17,2,0.11764705882352941
System_Failure,drop_current_family,2,5,5,1.0,18,0,0.0
System_Failure,drop_current_family,3,6,6,1.0,18,5,0.2777777777777778
System_Failure,drop_current_family,4,9,7,0.7777777777777778,8,2,0.25
System_Failure,drop_current_family,5,6,6,1.0,19,2,0.10526315789473684
System_Failure,drop_current_family,7,9,8,0.8888888888888888,15,0,0.0
System_Failure,drop_current_family,8,5,5,1.0,7,2,0.2857142857142857
System_Failure,drop_current_family,9,20,19,0.95,6,1,0.16666666666666666
System_Failure,drop_current_family,10,20,20,1.0,7,0,0.0
System_Failure,drop_speed,1,7,5,0.7142857142857143,17,0,0.0
System_Failure,drop_speed,2,5,5,1.0,18,0,0.0
System_Failure,drop_speed,3,6,6,1.0,18,2,0.1111111111111111
System_Failure,drop_speed,4,9,9,1.0,8,0,0.0
System_Failure,drop_speed,5,6,6,1.0,19,0,0.0
System_Failure,drop_speed,7,9,8,0.8888888888888888,15,0,0.0
System_Failure,drop_speed,8,5,5,1.0,7,0,0.0
System_Failure,drop_speed,9,20,20,1.0,6,1,0.16666666666666666
System_Failure,drop_speed,10,20,20,1.0,7,1,0.14285714285714285
System_Failure,drop_temperature,1,7,7,1.0,17,3,0.17647058823529413
System_Failure,drop_temperature,2,5,5,1.0,18,0,0.0
System_Failure,drop_temperature,3,6,6,1.0,18,4,0.2222222222222222
System_Failure,drop_temperature,4,9,9,1.0,8,1,0.125
System_Failure,drop_temperature,5,6,6,1.0,19,1,0.05263157894736842
System_Failure,drop_temperature,7,9,9,1.0,15,0,0.0
System_Failure,drop_temperature,8,5,5,1.0,7,1,0.14285714285714285
System_Failure,drop_temperature,9,20,20,1.0,6,0,0.0
System_Failure,drop_temperature,10,20,19,0.95,7,0,0.0
System_Failure,drop_tool_current,1,7,7,1.0,17,1,0.058823529411764705
System_Failure,drop_tool_current,2,5,5,1.0,18,0,0.0
System_Failure,drop_tool_current,3,6,6,1.0,18,3,0.16666666666666666
System_Failure,drop_tool_current,4,9,9,1.0,8,1,0.125
System_Failure,drop_tool_current,5,6,6,1.0,19,0,0.0
System_Failure,drop_tool_current,7,9,9,1.0,15,0,0.0
System_Failure,drop_tool_current,8,5,5,1.0,7,0,0.0
System_Failure,drop_tool_current,9,20,20,1.0,6,0,0.0
System_Failure,drop_tool_current,10,20,20,1.0,7,0,0.0
ProtectiveStop,all_19,1,2,1,0.5,22,0,0.0
ProtectiveStop,all_19,2,2,2,1.0,21,0,0.0
ProtectiveStop,all_19,3,3,3,1.0,21,3,0.14285714285714285
ProtectiveStop,all_19,4,3,3,1.0,14,1,0.07142857142857142
ProtectiveStop,all_19,5,5,5,1.0,20,0,0.0
ProtectiveStop,all_19,7,8,8,1.0,16,0,0.0
ProtectiveStop,all_19,8,3,3,1.0,9,0,0.0
ProtectiveStop,all_19,9,17,16,0.9411764705882353,9,0,0.0
ProtectiveStop,all_19,10,19,18,0.9473684210526315,8,0,0.0
ProtectiveStop,current_family_only,1,2,2,1.0,22,1,0.045454545454545456
ProtectiveStop,current_family_only,2,2,2,1.0,21,3,0.14285714285714285
ProtectiveStop,current_family_only,3,3,2,0.6666666666666666,21,3,0.14285714285714285
ProtectiveStop,current_family_only,4,3,3,1.0,14,1,0.07142857142857142
ProtectiveStop,current_family_only,5,5,5,1.0,20,1,0.05
ProtectiveStop,current_family_only,7,8,8,1.0,16,0,0.0
ProtectiveStop,current_family_only,8,3,3,1.0,9,0,0.0
ProtectiveStop,current_family_only,9,17,15,0.8823529411764706,9,0,0.0
ProtectiveStop,current_family_only,10,19,18,0.9473684210526315,8,1,0.125
ProtectiveStop,joint_current_only,1,2,2,1.0,22,1,0.045454545454545456
ProtectiveStop,joint_current_only,2,2,2,1.0,21,3,0.14285714285714285
ProtectiveStop,joint_current_only,3,3,3,1.0,21,2,0.09523809523809523
ProtectiveStop,joint_current_only,4,3,3,1.0,14,0,0.0
ProtectiveStop,joint_current_only,5,5,5,1.0,20,2,0.1
ProtectiveStop,joint_current_only,7,8,8,1.0,16,0,0.0
ProtectiveStop,joint_current_only,8,3,3,1.0,9,0,0.0
ProtectiveStop,joint_current_only,9,17,15,0.8823529411764706,9,0,0.0
ProtectiveStop,joint_current_only,10,19,18,0.9473684210526315,8,1,0.125
ProtectiveStop,tool_current_only,1,2,2,1.0,22,15,0.6818181818181818
ProtectiveStop,tool_current_only,2,2,1,0.5,21,14,0.6666666666666666
ProtectiveStop,tool_current_only,3,3,3,1.0,21,13,0.6190476190476191
ProtectiveStop,tool_current_only,4,3,3,1.0,14,10,0.7142857142857143
ProtectiveStop,tool_current_only,5,5,4,0.8,20,14,0.7
ProtectiveStop,tool_current_only,7,8,5,0.625,16,7,0.4375
ProtectiveStop,tool_current_only,8,3,1,0.3333333333333333,9,4,0.4444444444444444
ProtectiveStop,tool_current_only,9,17,9,0.5294117647058824,9,4,0.4444444444444444
ProtectiveStop,tool_current_only,10,19,14,0.7368421052631579,8,5,0.625
ProtectiveStop,speed_only,1,2,2,1.0,22,6,0.2727272727272727
ProtectiveStop,speed_only,2,2,2,1.0,21,3,0.14285714285714285
ProtectiveStop,speed_only,3,3,3,1.0,21,4,0.19047619047619047
ProtectiveStop,speed_only,4,3,3,1.0,14,2,0.14285714285714285
ProtectiveStop,speed_only,5,5,5,1.0,20,1,0.05
ProtectiveStop,speed_only,7,8,8,1.0,16,0,0.0
ProtectiveStop,speed_only,8,3,3,1.0,9,0,0.0
ProtectiveStop,speed_only,9,17,16,0.9411764705882353,9,0,0.0
ProtectiveStop,speed_only,10,19,19,1.0,8,1,0.125
ProtectiveStop,temperature_only,1,2,0,0.0,22,0,0.0
ProtectiveStop,temperature_only,2,2,0,0.0,21,0,0.0
ProtectiveStop,temperature_only,3,3,0,0.0,21,0,0.0
ProtectiveStop,temperature_only,4,3,0,0.0,14,0,0.0
ProtectiveStop,temperature_only,5,5,0,0.0,20,0,0.0
ProtectiveStop,temperature_only,7,8,0,0.0,16,0,0.0
ProtectiveStop,temperature_only,8,3,1,0.3333333333333333,9,1,0.1111111111111111
ProtectiveStop,temperature_only,9,17,6,0.35294117647058826,9,2,0.2222222222222222
ProtectiveStop,temperature_only,10,19,3,0.15789473684210525,8,1,0.125
ProtectiveStop,drop_current_family,1,2,1,0.5,22,3,0.13636363636363635
ProtectiveStop,drop_current_family,2,2,2,1.0,21,0,0.0
ProtectiveStop,drop_current_family,3,3,3,1.0,21,4,0.19047619047619047
ProtectiveStop,drop_current_family,4,3,3,1.0,14,1,0.07142857142857142
ProtectiveStop,drop_current_family,5,5,5,1.0,20,2,0.1
ProtectiveStop,drop_current_family,7,8,8,1.0,16,0,0.0
ProtectiveStop,drop_current_family,8,3,3,1.0,9,0,0.0
ProtectiveStop,drop_current_family,9,17,16,0.9411764705882353,9,0,0.0
ProtectiveStop,drop_current_family,10,19,19,1.0,8,1,0.125
ProtectiveStop,drop_speed,1,2,1,0.5,22,0,0.0
ProtectiveStop,drop_speed,2,2,2,1.0,21,0,0.0
ProtectiveStop,drop_speed,3,3,2,0.6666666666666666,21,1,0.047619047619047616
ProtectiveStop,drop_speed,4,3,3,1.0,14,0,0.0
ProtectiveStop,drop_speed,5,5,5,1.0,20,1,0.05
ProtectiveStop,drop_speed,7,8,8,1.0,16,0,0.0
ProtectiveStop,drop_speed,8,3,3,1.0,9,0,0.0
ProtectiveStop,drop_speed,9,17,15,0.8823529411764706,9,0,0.0
ProtectiveStop,drop_speed,10,19,18,0.9473684210526315,8,2,0.25
ProtectiveStop,drop_temperature,1,2,1,0.5,22,7,0.3181818181818182
ProtectiveStop,drop_temperature,2,2,2,1.0,21,0,0.0
ProtectiveStop,drop_temperature,3,3,3,1.0,21,3,0.14285714285714285
ProtectiveStop,drop_temperature,4,3,3,1.0,14,1,0.07142857142857142
ProtectiveStop,drop_temperature,5,5,5,1.0,20,0,0.0
ProtectiveStop,drop_temperature,7,8,8,1.0,16,0,0.0
ProtectiveStop,drop_temperature,8,3,3,1.0,9,0,0.0
ProtectiveStop,drop_temperature,9,17,16,0.9411764705882353,9,0,0.0
ProtectiveStop,drop_temperature,10,19,18,0.9473684210526315,8,1,0.125
ProtectiveStop,drop_tool_current,1,2,2,1.0,22,0,0.0
ProtectiveStop,drop_tool_current,2,2,2,1.0,21,0,0.0
ProtectiveStop,drop_tool_current,3,3,3,1.0,21,3,0.14285714285714285
ProtectiveStop,drop_tool_current,4,3,3,1.0,14,1,0.07142857142857142
ProtectiveStop,drop_tool_current,5,5,5,1.0,20,0,0.0
ProtectiveStop,drop_tool_current,7,8,8,1.0,16,0,0.0
ProtectiveStop,drop_tool_current,8,3,3,1.0,9,0,0.0
ProtectiveStop,drop_tool_current,9,17,16,0.9411764705882353,9,0,0.0
ProtectiveStop,drop_tool_current,10,19,18,0.9473684210526315,8,0,0.0
GripLost,all_19,1,5,4,0.8,19,0,0.0
GripLost,all_19,2,3,3,1.0,20,0,0.0
GripLost,all_19,3,5,5,1.0,19,1,0.05263157894736842
GripLost,all_19,4,7,7,1.0,10,0,0.0
GripLost,all_19,5,1,1,1.0,24,0,0.0
GripLost,all_19,7,4,4,1.0,20,0,0.0
GripLost,all_19,8,2,2,1.0,10,1,0.1
GripLost,all_19,9,6,6,1.0,20,3,0.15
GripLost,all_19,10,6,4,0.6666666666666666,21,1,0.047619047619047616
GripLost,current_family_only,1,5,4,0.8,19,0,0.0
GripLost,current_family_only,2,3,3,1.0,20,0,0.0
GripLost,current_family_only,3,5,5,1.0,19,4,0.21052631578947367
GripLost,current_family_only,4,7,7,1.0,10,1,0.1
GripLost,current_family_only,5,1,1,1.0,24,2,0.08333333333333333
GripLost,current_family_only,7,4,4,1.0,20,0,0.0
GripLost,current_family_only,8,2,2,1.0,10,2,0.2
GripLost,current_family_only,9,6,6,1.0,20,3,0.15
GripLost,current_family_only,10,6,5,0.8333333333333334,21,8,0.38095238095238093
GripLost,joint_current_only,1,5,5,1.0,19,1,0.05263157894736842
GripLost,joint_current_only,2,3,3,1.0,20,0,0.0
GripLost,joint_current_only,3,5,5,1.0,19,3,0.15789473684210525
GripLost,joint_current_only,4,7,7,1.0,10,0,0.0
GripLost,joint_current_only,5,1,1,1.0,24,0,0.0
GripLost,joint_current_only,7,4,4,1.0,20,2,0.1
GripLost,joint_current_only,8,2,2,1.0,10,0,0.0
GripLost,joint_current_only,9,6,6,1.0,20,4,0.2
GripLost,joint_current_only,10,6,4,0.6666666666666666,21,8,0.38095238095238093
GripLost,tool_current_only,1,5,2,0.4,19,13,0.6842105263157895
GripLost,tool_current_only,2,3,3,1.0,20,15,0.75
GripLost,tool_current_only,3,5,3,0.6,19,15,0.7894736842105263
GripLost,tool_current_only,4,7,3,0.42857142857142855,10,6,0.6
GripLost,tool_current_only,5,1,1,1.0,24,19,0.7916666666666666
GripLost,tool_current_only,7,4,1,0.25,20,18,0.9
GripLost,tool_current_only,8,2,1,0.5,10,9,0.9
GripLost,tool_current_only,9,6,5,0.8333333333333334,20,17,0.85
GripLost,tool_current_only,10,6,3,0.5,21,15,0.7142857142857143
GripLost,speed_only,1,5,5,1.0,19,6,0.3157894736842105
GripLost,speed_only,2,3,3,1.0,20,4,0.2
GripLost,speed_only,3,5,5,1.0,19,8,0.42105263157894735
GripLost,speed_only,4,7,6,0.8571428571428571,10,5,0.5
GripLost,speed_only,5,1,1,1.0,24,3,0.125
GripLost,speed_only,7,4,4,1.0,20,7,0.35
GripLost,speed_only,8,2,2,1.0,10,3,0.3
GripLost,speed_only,9,6,6,1.0,20,5,0.25
GripLost,speed_only,10,6,4,0.6666666666666666,21,8,0.38095238095238093
GripLost,temperature_only,1,5,0,0.0,19,0,0.0
GripLost,temperature_only,2,3,0,0.0,20,0,0.0
GripLost,temperature_only,3,5,0,0.0,19,0,0.0
GripLost,temperature_only,4,7,0,0.0,10,0,0.0
GripLost,temperature_only,5,1,0,0.0,24,0,0.0
GripLost,temperature_only,7,4,0,0.0,20,0,0.0
GripLost,temperature_only,8,2,0,0.0,10,0,0.0
GripLost,temperature_only,9,6,1,0.16666666666666666,20,4,0.2
GripLost,temperature_only,10,6,0,0.0,21,0,0.0
GripLost,drop_current_family,1,5,0,0.0,19,0,0.0
GripLost,drop_current_family,2,3,0,0.0,20,0,0.0
GripLost,drop_current_family,3,5,4,0.8,19,2,0.10526315789473684
GripLost,drop_current_family,4,7,4,0.5714285714285714,10,0,0.0
GripLost,drop_current_family,5,1,1,1.0,24,1,0.041666666666666664
GripLost,drop_current_family,7,4,2,0.5,20,0,0.0
GripLost,drop_current_family,8,2,2,1.0,10,0,0.0
GripLost,drop_current_family,9,6,3,0.5,20,2,0.1
GripLost,drop_current_family,10,6,0,0.0,21,1,0.047619047619047616
GripLost,drop_speed,1,5,1,0.2,19,0,0.0
GripLost,drop_speed,2,3,3,1.0,20,0,0.0
GripLost,drop_speed,3,5,5,1.0,19,1,0.05263157894736842
GripLost,drop_speed,4,7,7,1.0,10,2,0.2
GripLost,drop_speed,5,1,1,1.0,24,0,0.0
GripLost,drop_speed,7,4,3,0.75,20,0,0.0
GripLost,drop_speed,8,2,2,1.0,10,0,0.0
GripLost,drop_speed,9,6,6,1.0,20,0,0.0
GripLost,drop_speed,10,6,4,0.6666666666666666,21,1,0.047619047619047616
GripLost,drop_temperature,1,5,5,1.0,19,1,0.05263157894736842
GripLost,drop_temperature,2,3,3,1.0,20,0,0.0
GripLost,drop_temperature,3,5,5,1.0,19,1,0.05263157894736842
GripLost,drop_temperature,4,7,7,1.0,10,0,0.0
GripLost,drop_temperature,5,1,1,1.0,24,0,0.0
GripLost,drop_temperature,7,4,4,1.0,20,0,0.0
GripLost,drop_temperature,8,2,2,1.0,10,2,0.2
GripLost,drop_temperature,9,6,6,1.0,20,5,0.25
GripLost,drop_temperature,10,6,4,0.6666666666666666,21,3,0.14285714285714285
GripLost,drop_tool_current,1,5,4,0.8,19,0,0.0
GripLost,drop_tool_current,2,3,3,1.0,20,1,0.05
GripLost,drop_tool_current,3,5,5,1.0,19,1,0.05263157894736842
GripLost,drop_tool_current,4,7,7,1.0,10,0,0.0
GripLost,drop_tool_current,5,1,1,1.0,24,0,0.0
GripLost,drop_tool_current,7,4,4,1.0,20,0,0.0
GripLost,drop_tool_current,8,2,2,1.0,10,1,0.1
GripLost,drop_tool_current,9,6,6,1.0,20,3,0.15
GripLost,drop_tool_current,10,6,4,0.6666666666666666,21,1,0.047619047619047616
